data,ticker,market,sistema,grupo,entrada,stop,parcial2r,alvo_final,r_pct,compress,cons_len,contr_vol,dist_ema,vol_qtd,var_dia_pct
2026-09-14,NTRA,EUA,INSIDEBAR,ENTRAR,341.42,316.0,392.25,417.66,7.44,0.54,3,,,716555.0,4.12
2026-09-14,VEEV,EUA,INSIDEBAR,ENTRAR,264.08,238.93,314.37,339.51,9.52,0.65,3,,,991967.0,-0.32
2026-09-14,STRK,EUA,INSIDEBAR,RADAR,77.0,71.21,88.58,94.37,7.52,0.44,3,0.92,3.72,162701.0,0.26
2026-09-14,AWK,EUA,INSIDEBAR,RADAR,139.73,136.22,146.75,150.26,2.51,0.6,3,0.88,0.68,1023913.0,0.21
2026-09-14,UNM,EUA,INSIDEBAR,RADAR,95.32,92.78,100.4,102.94,2.66,0.72,3,0.91,1.61,2080434.0,-0.7
2026-09-14,CPAY,EUA,INSIDEBAR,RADAR,415.29,403.27,439.33,451.35,2.89,0.73,3,0.9,0.94,285775.0,-0.02
2026-09-14,NTRA,EUA,INSIDEBAR,ENTRAR,341.79,316.0,393.37,419.16,7.55,0.54,3,,,1009343.0,4.23
2026-09-14,VEEV,EUA,INSIDEBAR,ENTRAR,265.67,238.93,319.15,345.89,10.07,0.65,3,,,1361401.0,0.28
2026-09-14,STRK,EUA,INSIDEBAR,RADAR,77.0,71.21,88.58,94.37,7.52,0.44,3,0.92,3.06,176048.0,-0.45
2026-09-14,AWK,EUA,INSIDEBAR,RADAR,139.73,136.22,146.75,150.26,2.51,0.6,3,0.88,0.52,1575381.0,0.03
2026-09-14,UNM,EUA,INSIDEBAR,RADAR,95.32,92.78,100.4,102.94,2.66,0.72,3,0.91,2.37,2877525.0,0.13
2026-09-14,CPAY,EUA,INSIDEBAR,RADAR,415.29,403.27,439.33,451.35,2.89,0.73,3,0.9,1.19,381613.0,0.25
2026-09-16,UNM,EUA,INSIDEBAR,ENTRAR,95.88,92.78,102.08,105.18,3.23,0.73,3,,,2774100.0,1.46
2026-09-16,BG,EUA,INSIDEBAR,RADAR,123.4,109.82,150.56,164.14,11.0,0.53,3,0.9,2.54,1507500.0,0.82
2026-09-16,MSFT,EUA,INSIDEBAR,RADAR,505.9,486.0,545.7,565.6,3.93,0.71,3,0.91,0.86,17774000.0,-0.59
2026-09-16,PGR,EUA,INSIDEBAR,RADAR,221.57,212.63,239.45,248.39,4.03,0.78,3,0.8,1.49,2017100.0,0.6
2026-09-18,CBAV3.SA,B3,INSIDEBAR,RADAR,11.24,11.12,11.48,11.6,1.07,0.5,3,0.94,0.19,1602700.0,-0.36
2026-09-18,IRBR3.SA,B3,INSIDEBAR,RADAR,61.31,59.09,65.75,67.97,3.62,0.77,3,0.87,4.44,429100.0,-0.03
2026-09-18,DE,EUA,INSIDEBAR,RADAR,687.03,617.21,826.68,896.51,10.16,0.47,3,0.8,2.73,2224812.0,-0.11
2026-09-18,BBY,EUA,INSIDEBAR,RADAR,94.53,85.87,111.85,120.51,9.16,0.53,3,0.87,4.78,5108146.0,-1.42
2026-09-18,SNOW,EUA,INSIDEBAR,RADAR,339.27,303.89,410.03,445.41,10.43,0.54,3,0.89,1.31,4309996.0,-1.83
2026-09-18,NTNX,EUA,INSIDEBAR,RADAR,70.29,65.25,80.37,85.41,7.17,0.69,3,0.93,3.84,5834348.0,-0.06
2026-09-18,A,EUA,INSIDEBAR,RADAR,156.73,141.25,187.69,203.17,9.88,0.74,3,0.84,3.94,4849772.0,0.3
2026-09-19,CPLE3.SA,B3,INSIDEBAR,RADAR,16.05,15.52,17.11,17.64,3.3,0.37,3,0.94,3.32,24477500.0,-0.06
2026-09-19,BBY,EUA,INSIDEBAR,RADAR,94.53,85.87,111.85,120.51,9.16,0.53,3,0.87,4.78,5108800.0,-1.42
2026-09-19,CMIG4.SA,B3,INSIDEBAR,RADAR,11.27,9.87,14.07,15.47,12.42,0.62,3,0.92,1.51,18813500.0,0.09
2026-09-19,ITSA4.SA,B3,INSIDEBAR,RADAR,14.17,12.1,18.31,20.39,14.63,0.62,3,0.75,2.63,33582500.0,-0.21
2026-09-19,SNOW,EUA,INSIDEBAR,RADAR,340.31,303.89,413.15,449.57,10.7,0.64,3,0.9,1.31,4313300.0,-1.83
2026-09-19,NTNX,EUA,INSIDEBAR,RADAR,70.29,65.25,80.37,85.41,7.17,0.69,3,0.93,3.84,5834400.0,0.2
2026-09-19,B3SA3.SA,B3,INSIDEBAR,RADAR,17.7,16.81,19.48,20.37,5.03,0.7,3,0.88,4.8,67879900.0,0.86
2026-09-19,A,EUA,INSIDEBAR,RADAR,156.73,141.25,187.69,203.17,9.88,0.74,3,0.84,3.94,4849800.0,0.3
2026-09-19,BBY,EUA,INSIDEBAR,RADAR,94.53,85.87,111.85,120.51,9.16,0.53,3,0.87,4.78,5108800.0,-1.42
2026-09-19,SNOW,EUA,INSIDEBAR,RADAR,340.31,303.89,413.15,449.57,10.7,0.64,3,0.9,1.31,4313300.0,-1.83
2026-09-19,NTNX,EUA,INSIDEBAR,RADAR,70.29,65.25,80.37,85.41,7.17,0.69,3,0.93,3.84,5834400.0,0.2
2026-09-19,A,EUA,INSIDEBAR,RADAR,156.73,141.25,187.69,203.17,9.88,0.74,3,0.84,3.94,4849800.0,0.3
2026-09-20,CPLE3.SA,B3,INSIDEBAR,RADAR,16.05,15.52,17.11,17.64,3.3,0.37,3,0.94,3.32,24477500.0,-0.06
2026-09-20,BBY,EUA,INSIDEBAR,RADAR,94.53,85.87,111.85,120.51,9.16,0.53,3,0.87,4.78,5108800.0,-1.42
2026-09-20,CMIG4.SA,B3,INSIDEBAR,RADAR,11.27,9.87,14.07,15.47,12.42,0.62,3,0.92,1.51,18813500.0,0.09
2026-09-20,ITSA4.SA,B3,INSIDEBAR,RADAR,14.17,12.1,18.31,20.39,14.63,0.62,3,0.75,2.63,33582500.0,-0.21
2026-09-20,SNOW,EUA,INSIDEBAR,RADAR,340.31,303.89,413.15,449.57,10.7,0.64,3,0.9,1.31,4313300.0,-1.83
2026-09-20,NTNX,EUA,INSIDEBAR,RADAR,70.29,65.25,80.37,85.41,7.17,0.69,3,0.93,3.84,5834400.0,0.2
2026-09-20,B3SA3.SA,B3,INSIDEBAR,RADAR,17.7,16.81,19.48,20.37,5.03,0.7,3,0.88,4.8,67879900.0,0.86
2026-09-20,A,EUA,INSIDEBAR,RADAR,156.73,141.25,187.69,203.17,9.88,0.74,3,0.84,3.94,4849800.0,0.3
2026-09-21,A,EUA,INSIDEBAR,ENTRAR,161.94,141.25,203.32,224.01,12.78,0.74,3,,,2645517.0,2.58
2026-09-21,HNGE,EUA,INSIDEBAR,RADAR,95.82,86.29,114.89,124.43,9.95,0.79,3,0.76,3.26,1106963.0,-0.66
2026-09-21,CPLE3.SA,B3,INSIDEBAR,ENTRAR,16.1,15.52,17.26,17.84,3.6,0.35,3,,,10848600.0,0.0
2026-09-21,ITSA4.SA,B3,INSIDEBAR,ENTRAR,14.34,12.1,18.82,21.07,15.64,0.41,3,,,25938100.0,1.34
2026-09-21,ABCB4.SA,B3,INSIDEBAR,ENTRAR,25.28,24.34,27.16,28.1,3.72,0.47,3,,,583100.0,1.73
2026-09-21,ITUB3.SA,B3,INSIDEBAR,ENTRAR,47.16,40.29,60.89,67.76,14.56,0.52,3,,,1684900.0,1.48
2026-09-21,EQTL3.SA,B3,INSIDEBAR,ENTRAR,40.2,38.32,43.96,45.84,4.68,0.55,3,,,7563400.0,1.01
2026-09-21,B3SA3.SA,B3,INSIDEBAR,ENTRAR,18.23,16.81,21.07,22.49,7.79,0.56,3,,,48904800.0,2.53
2026-09-21,BPAC11.SA,B3,INSIDEBAR,ENTRAR,63.5,49.66,91.18,105.02,21.8,0.62,3,,,13752200.0,2.92
2026-09-21,RDOR3.SA,B3,INSIDEBAR,ENTRAR,38.12,36.31,41.74,43.55,4.75,0.63,3,,,6167500.0,1.25
2026-09-21,A,EUA,INSIDEBAR,ENTRAR,161.94,141.25,203.32,224.01,12.78,0.74,3,,,2645517.0,2.58
2026-09-21,MOTV3.SA,B3,INSIDEBAR,ENTRAR,16.5,12.94,23.63,27.19,21.59,0.74,3,,,13517900.0,0.98
2026-09-21,HNGE,EUA,INSIDEBAR,RADAR,95.82,86.29,114.89,124.43,9.95,0.79,3,0.76,3.26,1106963.0,-0.66
2026-09-24,SLCE3.SA,B3,INSIDEBAR,RADAR,17.96,17.27,19.34,20.03,3.84,0.57,3,0.81,3.44,1790500.0,-1.56
2026-09-24,WEGE3.SA,B3,INSIDEBAR,RADAR,51.92,49.78,56.21,58.35,4.13,0.57,3,0.91,0.78,4818000.0,-0.47
2026-09-24,GH,EUA,INSIDEBAR,RADAR,179.35,155.78,226.49,250.06,13.14,0.61,3,0.88,4.37,1431300.0,0.06
2026-09-24,NOW,EUA,INSIDEBAR,RADAR,141.54,135.07,154.48,160.95,4.57,0.78,3,0.79,3.57,11348400.0,2.59
2026-09-25,TTC,EUA,INSIDEBAR,ENTRAR,97.15,91.11,109.23,115.27,6.22,0.59,3,,,676816.0,0.29
2026-09-25,HNGE,EUA,INSIDEBAR,ENTRAR,95.57,86.29,114.13,123.41,9.71,0.72,3,,,1026830.0,3.95
2026-09-25,GMAT3.SA,B3,INSIDEBAR,RADAR,4.94,4.65,5.52,5.81,5.87,0.62,3,0.91,2.54,2176800.0,0.41
2026-09-25,STRC,EUA,INSIDEBAR,RADAR,98.75,96.99,102.27,104.03,1.78,0.64,3,0.69,1.12,1573195.0,0.03
2026-09-25,GH,EUA,INSIDEBAR,RADAR,179.97,170.5,198.91,208.38,5.26,0.66,3,0.88,3.65,1578388.0,-0.7
2026-09-25,CYRE3.SA,B3,INSIDEBAR,RADAR,27.04,25.09,30.94,32.89,7.21,0.77,3,0.84,4.81,5325900.0,1.89
2026-09-26,TTC,EUA,INSIDEBAR,ENTRAR,97.15,91.11,109.23,115.27,6.22,0.59,3,,,710800.0,0.29
2026-09-26,HNGE,EUA,INSIDEBAR,ENTRAR,95.57,86.29,114.13,123.41,9.71,0.72,3,,,1027100.0,3.95
2026-09-26,GMAT3.SA,B3,INSIDEBAR,RADAR,4.94,4.65,5.52,5.81,5.87,0.62,3,0.91,2.52,2176800.0,0.41
2026-09-26,STRC,EUA,INSIDEBAR,RADAR,98.75,96.99,102.27,104.03,1.78,0.64,3,0.69,1.12,1576000.0,0.03
2026-09-26,GH,EUA,INSIDEBAR,RADAR,179.97,170.5,198.91,208.38,5.26,0.66,3,0.88,3.65,1578400.0,-0.7
2026-09-26,CYRE3.SA,B3,INSIDEBAR,RADAR,27.04,25.09,30.94,32.89,7.21,0.77,3,0.84,4.81,5326800.0,1.89
2026-09-26,TTC,EUA,INSIDEBAR,ENTRAR,97.15,91.11,109.23,115.27,6.22,0.59,3,,,710800.0,0.29
2026-09-26,HNGE,EUA,INSIDEBAR,ENTRAR,95.57,86.29,114.13,123.41,9.71,0.72,3,,,1027100.0,3.95
2026-09-26,GMAT3.SA,B3,INSIDEBAR,RADAR,4.94,4.65,5.52,5.81,5.87,0.62,3,0.91,2.52,2176800.0,0.41
2026-09-26,STRC,EUA,INSIDEBAR,RADAR,98.75,96.99,102.27,104.03,1.78,0.64,3,0.69,1.12,1576000.0,0.03
2026-09-26,GH,EUA,INSIDEBAR,RADAR,179.97,170.5,198.91,208.38,5.26,0.66,3,0.88,3.65,1578400.0,-0.7
2026-09-26,CYRE3.SA,B3,INSIDEBAR,RADAR,27.04,25.09,30.94,32.89,7.21,0.77,3,0.84,4.81,5326800.0,1.89
2026-09-28,STRC,EUA,INSIDEBAR,ENTRAR,99.1,96.99,103.32,105.43,2.13,0.64,3,,,1895362.0,0.36
2026-09-28,STRF,EUA,INSIDEBAR,RADAR,103.85,102.08,107.39,109.16,1.7,0.51,3,0.88,1.5,37438.0,0.39
2026-09-28,ASAI3.SA,B3,INSIDEBAR,RADAR,10.48,8.07,15.3,17.71,23.0,0.64,3,0.86,4.55,12184800.0,-1.45
2026-09-28,CPLE3.SA,B3,INSIDEBAR,RADAR,15.78,15.52,16.3,16.56,1.65,0.77,3,0.87,0.06,8536600.0,0.64
2026-09-29,STRC,EUA,INSIDEBAR,ENTRAR,99.1,96.99,103.32,105.43,2.13,0.64,3,,,1906600.0,0.36
2026-09-29,STRF,EUA,INSIDEBAR,RADAR,103.9,102.08,107.54,109.36,1.75,0.55,3,0.88,1.5,37400.0,0.19
2026-09-29,ASAI3.SA,B3,INSIDEBAR,ENTRAR,10.54,8.07,15.48,17.95,23.43,0.64,3,,,26239800.0,3.33
2026-09-29,DXCO3.SA,B3,INSIDEBAR,RADAR,5.7,5.37,6.36,6.69,5.79,0.44,3,0.79,2.6,1443400.0,0.88
2026-09-29,DOCU,EUA,INSIDEBAR,RADAR,67.43,65.57,71.15,73.01,2.76,0.45,3,0.83,0.04,1840975.0,1.07
2026-09-29,DDS,EUA,INSIDEBAR,RADAR,684.35,620.38,812.29,876.26,9.35,0.46,3,0.84,4.64,339491.0,-0.17
2026-09-29,ANIM3.SA,B3,INSIDEBAR,RADAR,2.89,2.75,3.17,3.31,4.84,0.46,3,0.89,0.21,3842200.0,1.06
2026-09-29,MU,EUA,INSIDEBAR,RADAR,1082.66,902.6,1442.78,1622.84,16.63,0.47,3,0.88,4.88,18673307.0,-1.17
2026-09-29,RDOR3.SA,B3,INSIDEBAR,RADAR,37.79,36.13,41.11,42.76,4.39,0.48,3,0.79,1.41,8933000.0,-0.13
2026-09-29,SLAB,EUA,INSIDEBAR,RADAR,221.58,216.88,230.98,235.68,2.12,0.51,3,0.77,0.35,178987.0,0.04
2026-09-29,ISRG,EUA,INSIDEBAR,RADAR,414.2,345.25,552.11,621.07,16.65,0.52,3,0.93,5.51,1878125.0,0.07
2026-09-29,SNDK,EUA,INSIDEBAR,RADAR,1749.78,1504.2,2240.94,2486.52,14.03,0.55,3,0.87,2.62,5920963.0,-0.84
2026-09-29,FTNT,EUA,INSIDEBAR,RADAR,176.65,166.09,197.77,208.33,5.98,0.58,3,0.83,3.57,2487418.0,0.95
2026-09-29,SANM,EUA,INSIDEBAR,RADAR,224.65,189.58,294.79,329.86,15.61,0.58,3,0.93,6.3,562341.0,-0.43
2026-09-29,KEPL3.SA,B3,INSIDEBAR,RADAR,6.56,6.29,7.1,7.37,4.12,0.6,3,0.91,0.81,845600.0,0.15
2026-09-29,DHR,EUA,INSIDEBAR,RADAR,227.65,199.09,284.77,313.33,12.55,0.66,3,0.87,4.8,3598321.0,-0.04
2026-09-29,DELL,EUA,INSIDEBAR,RADAR,551.39,530.45,593.27,614.21,3.8,0.69,3,0.75,1.12,5703551.0,-2.02
2026-09-29,CBAV3.SA,B3,INSIDEBAR,RADAR,11.22,11.12,11.42,11.52,0.89,0.71,3,0.87,0.11,2719500.0,0.45
2026-09-30,FTNT,EUA,INSIDEBAR,ENTRAR,178.76,166.09,204.1,216.77,7.09,0.58,3,,,3109907.0,1.57
2026-09-30,GILD,EUA,INSIDEBAR,RADAR,151.28,148.02,157.8,161.06,2.15,0.6,3,0.94,0.31,5239523.0,-1.45
2026-09-30,BIIB,EUA,INSIDEBAR,RADAR,229.36,214.59,258.9,273.67,6.44,0.78,3,0.82,1.88,1553287.0,-0.59
2026-09-30,GH,EUA,INSIDEBAR,RADAR,180.34,170.5,200.02,209.86,5.46,0.79,3,0.78,3.23,1575983.0,0.77
2026-09-30,DXCO3.SA,B3,INSIDEBAR,ENTRAR,5.81,5.37,6.69,7.13,7.57,0.44,3,,,3491600.0,0.87
2026-09-30,ANIM3.SA,B3,INSIDEBAR,ENTRAR,2.99,2.75,3.47,3.71,8.03,0.46,3,,,8347400.0,3.46
2026-09-30,RDOR3.SA,B3,INSIDEBAR,ENTRAR,38.29,36.13,42.61,44.76,5.63,0.48,3,,,6384600.0,-0.16
2026-09-30,FTNT,EUA,INSIDEBAR,ENTRAR,178.76,166.09,204.1,216.77,7.09,0.58,3,,,3109907.0,1.57
2026-09-30,CBAV3.SA,B3,INSIDEBAR,ENTRAR,11.23,11.12,11.45,11.56,0.98,0.71,3,,,3262300.0,0.09
2026-09-30,GILD,EUA,INSIDEBAR,RADAR,151.28,148.02,157.8,161.06,2.15,0.6,3,0.94,0.31,5239523.0,-1.45
2026-09-30,BIIB,EUA,INSIDEBAR,RADAR,229.36,214.59,258.9,273.67,6.44,0.78,3,0.82,1.88,1553287.0,-0.59
2026-09-30,GH,EUA,INSIDEBAR,RADAR,180.34,170.5,200.02,209.86,5.46,0.79,3,0.78,3.23,1575983.0,0.77
2026-10-01,WBD,EUA,INSIDEBAR,RADAR,30.96,27.74,37.4,40.62,10.4,0.17,3,0.22,4.09,43944219.0,0.0
2026-10-01,COIN,EUA,INSIDEBAR,RADAR,192.3,161.18,254.54,285.66,16.18,0.45,3,0.78,1.46,5815637.0,1.73
2026-10-01,SNOW,EUA,INSIDEBAR,RADAR,344.42,316.63,400.0,427.79,8.07,0.46,3,0.82,2.8,3604951.0,0.12
2026-10-01,BMNR,EUA,INSIDEBAR,RADAR,27.38,22.16,37.82,43.04,19.07,0.64,3,0.8,3.62,29351407.0,1.06
2026-10-01,TECH,EUA,INSIDEBAR,RADAR,72.54,72.08,73.46,73.92,0.63,0.73,3,0.87,0.02,2711395.0,-0.14
2026-10-01,STRK,EUA,INSIDEBAR,RADAR,75.95,66.4,95.05,104.6,12.57,0.77,3,0.77,2.3,78477.0,0.5
2026-10-01,WBD,EUA,INSIDEBAR,RADAR,30.96,27.74,37.4,40.62,10.4,0.17,3,0.22,4.09,43944219.0,0.0
2026-10-01,COIN,EUA,INSIDEBAR,RADAR,192.3,161.18,254.54,285.66,16.18,0.45,3,0.78,1.46,5815637.0,1.73
2026-10-01,SNOW,EUA,INSIDEBAR,RADAR,344.42,316.63,400.0,427.79,8.07,0.46,3,0.82,2.8,3604951.0,0.12
2026-10-01,BMNR,EUA,INSIDEBAR,RADAR,27.38,22.16,37.82,43.04,19.07,0.64,3,0.8,3.62,29351407.0,1.06
2026-10-01,TECH,EUA,INSIDEBAR,RADAR,72.54,72.08,73.46,73.92,0.63,0.73,3,0.87,0.02,2711395.0,-0.14
2026-10-01,STRK,EUA,INSIDEBAR,RADAR,75.95,66.4,95.05,104.6,12.57,0.77,3,0.77,2.3,78477.0,0.5
2026-10-01,WBD,EUA,INSIDEBAR,RADAR,30.96,27.74,37.4,40.62,10.4,0.17,3,0.22,4.09,43944219.0,0.0
2026-10-01,COIN,EUA,INSIDEBAR,RADAR,192.3,161.18,254.54,285.66,16.18,0.45,3,0.78,1.46,5815637.0,1.73
2026-10-01,SNOW,EUA,INSIDEBAR,RADAR,344.42,316.63,400.0,427.79,8.07,0.46,3,0.82,2.8,3604951.0,0.12
2026-10-01,BMNR,EUA,INSIDEBAR,RADAR,27.38,22.16,37.82,43.04,19.07,0.64,3,0.8,3.62,29351407.0,1.06
2026-10-01,TECH,EUA,INSIDEBAR,RADAR,72.54,72.08,73.46,73.92,0.63,0.73,3,0.87,0.02,2711395.0,-0.14
2026-10-01,STRK,EUA,INSIDEBAR,RADAR,75.95,66.4,95.05,104.6,12.57,0.77,3,0.77,2.3,78477.0,0.5
2026-10-02,ALOS3.SA,B3,INSIDEBAR,ENTRAR,30.51,28.37,34.79,36.93,7.01,0.75,3,,,10248200.0,1.5
2026-10-02,STRK,EUA,INSIDEBAR,ENTRAR,76.25,66.4,95.95,105.8,12.92,0.77,3,,,76325.0,0.91
2026-10-02,HCA,EUA,INSIDEBAR,RADAR,430.1,420.0,450.3,460.4,2.35,0.49,3,0.68,0.28,927900.0,0.21
2026-10-02,STRF,EUA,INSIDEBAR,RADAR,103.7,102.08,106.94,108.56,1.56,0.55,3,0.66,0.88,23527.0,0.06
2026-10-02,SNDK,EUA,INSIDEBAR,RADAR,1774.23,1659.02,2004.65,2119.86,6.49,0.65,3,0.77,1.07,8141704.0,-3.0
2026-10-02,WST,EUA,INSIDEBAR,RADAR,368.85,331.99,442.58,479.45,9.99,0.65,3,0.9,0.45,472117.0,0.07
2026-10-02,BRKR,EUA,INSIDEBAR,RADAR,64.36,59.17,74.74,79.93,8.06,0.68,3,0.92,3.49,2227594.0,1.59
2026-10-03,ALOS3.SA,B3,INSIDEBAR,ENTRAR,30.51,28.37,34.79,36.93,7.01,0.75,3,,,10273900.0,1.5
2026-10-03,STRK,EUA,INSIDEBAR,ENTRAR,76.25,66.4,95.95,105.8,12.92,0.77,3,,,76400.0,0.91
2026-10-03,HCA,EUA,INSIDEBAR,RADAR,430.22,420.0,450.66,460.88,2.38,0.5,3,0.69,0.28,929800.0,0.21
2026-10-03,STRF,EUA,INSIDEBAR,RADAR,103.7,102.08,106.94,108.56,1.56,0.55,3,0.66,0.88,23500.0,-0.1
2026-10-03,SNDK,EUA,INSIDEBAR,RADAR,1774.23,1659.02,2004.65,2119.86,6.49,0.65,3,0.77,1.07,8163600.0,-3.0
2026-10-03,BRKR,EUA,INSIDEBAR,RADAR,64.36,59.17,74.74,79.93,8.06,0.68,3,0.92,3.49,2227600.0,1.59
2026-10-03,WST,EUA,INSIDEBAR,RADAR,368.85,331.99,442.57,479.43,9.99,0.78,3,0.91,0.45,473000.0,0.07
2026-10-03,ALOS3.SA,B3,INSIDEBAR,ENTRAR,30.51,28.37,34.79,36.93,7.01,0.75,3,,,10273900.0,1.5
2026-10-03,STRK,EUA,INSIDEBAR,ENTRAR,76.25,66.4,95.95,105.8,12.92,0.77,3,,,76400.0,0.91
2026-10-03,HCA,EUA,INSIDEBAR,RADAR,430.22,420.0,450.66,460.88,2.38,0.5,3,0.69,0.28,929800.0,0.21
2026-10-03,STRF,EUA,INSIDEBAR,RADAR,103.7,102.08,106.94,108.56,1.56,0.55,3,0.66,0.88,23500.0,-0.1
2026-10-03,SNDK,EUA,INSIDEBAR,RADAR,1774.23,1659.02,2004.65,2119.86,6.49,0.65,3,0.77,1.07,8163600.0,-3.0
2026-10-03,BRKR,EUA,INSIDEBAR,RADAR,64.36,59.17,74.74,79.93,8.06,0.68,3,0.92,3.49,2227600.0,1.59
2026-10-03,WST,EUA,INSIDEBAR,RADAR,368.85,331.99,442.57,479.43,9.99,0.78,3,0.91,0.45,473000.0,0.07
2026-10-03,ALOS3.SA,B3,INSIDEBAR,ENTRAR,30.51,28.37,34.79,36.93,7.01,0.75,3,,,10273900.0,1.5
2026-10-03,STRK,EUA,INSIDEBAR,ENTRAR,76.25,66.4,95.95,105.8,12.92,0.77,3,,,76400.0,0.91
2026-10-03,HCA,EUA,INSIDEBAR,RADAR,430.22,420.0,450.66,460.88,2.38,0.5,3,0.69,0.28,929800.0,0.21
2026-10-03,STRF,EUA,INSIDEBAR,RADAR,103.7,102.08,106.94,108.56,1.56,0.55,3,0.66,0.88,23500.0,-0.1
2026-10-03,SNDK,EUA,INSIDEBAR,RADAR,1774.23,1659.02,2004.65,2119.86,6.49,0.65,3,0.77,1.07,8163600.0,-3.0
2026-10-03,BRKR,EUA,INSIDEBAR,RADAR,64.36,59.17,74.74,79.93,8.06,0.68,3,0.92,3.49,2227600.0,1.59
2026-10-03,WST,EUA,INSIDEBAR,RADAR,368.85,331.99,442.57,479.43,9.99,0.78,3,0.91,0.45,473000.0,0.07
2026-10-03,ALOS3.SA,B3,INSIDEBAR,ENTRAR,30.51,28.37,34.79,36.93,7.01,0.75,3,,,10273900.0,1.5
2026-10-03,STRK,EUA,INSIDEBAR,ENTRAR,76.25,66.4,95.95,105.8,12.92,0.77,3,,,76400.0,0.91
2026-10-03,HCA,EUA,INSIDEBAR,RADAR,430.22,420.0,450.66,460.88,2.38,0.5,3,0.69,0.28,929800.0,0.21
2026-10-03,STRF,EUA,INSIDEBAR,RADAR,103.7,102.08,106.94,108.56,1.56,0.55,3,0.66,0.88,23500.0,-0.1
2026-10-03,SNDK,EUA,INSIDEBAR,RADAR,1774.23,1659.02,2004.65,2119.86,6.49,0.65,3,0.77,1.07,8163600.0,-3.0
2026-10-03,BRKR,EUA,INSIDEBAR,RADAR,64.36,59.17,74.74,79.93,8.06,0.68,3,0.92,3.49,2227600.0,1.59
2026-10-03,WST,EUA,INSIDEBAR,RADAR,368.85,331.99,442.57,479.43,9.99,0.78,3,0.91,0.45,473000.0,0.07
2026-10-05,HCA,EUA,INSIDEBAR,ENTRAR,434.92,420.0,464.76,479.68,3.43,0.5,3,,,1148813.0,1.93
2026-10-05,WST,EUA,INSIDEBAR,ENTRAR,376.76,331.99,466.3,511.07,11.88,0.78,3,,,682733.0,3.31
2026-10-05,BMNR,EUA,INSIDEBAR,RADAR,27.29,22.16,37.55,42.68,18.8,0.42,3,0.93,3.31,28947833.0,-0.04
2026-10-05,APH,EUA,INSIDEBAR,RADAR,87.7,76.62,109.86,120.94,12.63,0.46,3,0.85,5.06,9412079.0,0.6
2026-10-05,TEL,EUA,INSIDEBAR,RADAR,221.16,200.43,262.62,283.35,9.37,0.58,3,0.92,3.11,1156976.0,-0.21
2026-10-05,GNRC,EUA,INSIDEBAR,RADAR,216.36,193.96,261.16,283.56,10.35,0.67,3,0.75,5.83,930490.0,-0.12
2026-10-05,SLAB,EUA,INSIDEBAR,RADAR,223.14,220.78,227.86,230.22,1.06,0.67,3,0.87,0.78,313708.0,0.21
2026-10-05,STRC,EUA,INSIDEBAR,RADAR,99.65,97.77,103.42,105.3,1.89,0.7,3,0.64,1.5,1388901.0,0.03
2026-10-06,APH,EUA,INSIDEBAR,ENTRAR,88.62,76.62,112.62,124.62,13.54,0.47,3,,,9352516.0,-0.09
2026-10-06,GNRC,EUA,INSIDEBAR,ENTRAR,223.62,193.96,282.94,312.6,13.26,0.67,3,,,1027517.0,3.35
2026-10-06,MCHPP,EUA,INSIDEBAR,RADAR,69.38,63.0,82.14,88.52,9.2,0.37,3,0.95,4.69,3207.0,-0.45
2026-10-06,INGM,EUA,INSIDEBAR,RADAR,28.35,25.99,33.07,35.43,8.32,0.39,3,0.95,2.78,1055597.0,1.11
2026-10-06,STRF,EUA,INSIDEBAR,RADAR,103.69,102.81,105.45,106.33,0.85,0.41,3,0.66,0.74,24917.0,-0.26
2026-10-06,LOGI,EUA,INSIDEBAR,RADAR,102.73,98.4,111.39,115.72,4.21,0.47,3,0.77,1.11,408983.0,0.75
2026-10-06,SNX,EUA,INSIDEBAR,RADAR,281.79,243.03,359.31,398.07,13.75,0.52,3,0.87,4.07,727674.0,-0.62
2026-10-06,SLAB,EUA,INSIDEBAR,RADAR,223.05,220.78,227.6,229.87,1.02,0.61,3,0.89,0.63,159493.0,-0.02
2026-10-07,DOCU,EUA,INSIDEBAR,RADAR,69.25,63.92,79.92,85.26,7.7,0.33,3,0.94,1.59,2591969.0,1.32
2026-10-07,TECH,EUA,INSIDEBAR,RADAR,72.55,72.33,72.99,73.21,0.3,0.6,3,0.91,0.16,3153511.0,0.14
2026-10-07,HNGE,EUA,INSIDEBAR,RADAR,99.74,89.75,119.72,129.71,10.02,0.67,3,0.76,3.08,2279713.0,0.68
