data_sinal,ticker,market,entrada,stop,alvo_3r,r_pct,mom3,mercado_ok,indice,registrado_em
2026-09-30,PETR4.SA,B3,50.04,47.89,56.49,4.3,33.0,True,IBOV,2026-10-01 14:50 UTC
2026-09-30,FFIV,EUA,449.73,428.93,512.13,4.62,5.0,True,QQQ,2026-10-01 14:50 UTC
2026-10-02,SMCI,EUA,44.59,40.13,57.97,10.0,61.0,True,QQQ,2026-10-02 21:36 UTC
2026-10-02,DELL,EUA,568.01,520.18,711.5,8.42,37.0,True,QQQ,2026-10-02 21:36 UTC
2026-10-02,RAL,EUA,74.37,68.52,91.92,7.87,6.0,True,QQQ,2026-10-02 21:36 UTC
2026-10-05,BPAC11.SA,B3,84.6,63.15,148.95,25.35,50.0,True,IBOV,2026-10-05 23:30 UTC
2026-10-05,GMAT3.SA,B3,5.59,4.86,7.78,13.06,45.0,True,IBOV,2026-10-05 23:30 UTC
2026-10-05,TMO,EUA,676.77,648.04,762.96,4.25,31.0,True,QQQ,2026-10-05 23:30 UTC
2026-10-05,ISRG,EUA,407.64,389.56,461.88,4.44,-5.0,True,QQQ,2026-10-05 23:30 UTC
2026-10-05,WAT,EUA,440.79,423.03,494.07,4.03,17.0,True,QQQ,2026-10-05 23:30 UTC
2026-10-05,GH,EUA,187.7,172.0,234.8,8.36,15.0,True,QQQ,2026-10-05 23:30 UTC
