data,ordem_geral,prioridade,ordem_subgrupo,ticker,market,entrada,stop,alvo,r_pct,tem_didi,q_rompeu,q_consolidando,elite,mom1,mom3,mom6,faixa_mom,didi_tipo,quality,consol_dias,acima_ema20
2026-09-24,1,1,1,MGLU3,B3,6.08,5.78,6.98,4.93,True,True,False,True,47.0,38.0,-29.0,forte,ABERTURA,46.4,5,True
2026-09-24,2,3,1,EZTC3,B3,13.93,13.6,14.92,2.37,False,True,False,False,25.0,5.0,1.0,fraco,,,7,True
2026-09-24,3,4,1,HUBB,EUA,463.7,435.71,,6.04,True,False,False,False,-0.0,-10.0,-8.0,fraco,ADXHOJE,66.6,,
2026-09-24,4,4,2,CSAN3,B3,3.89,3.5,,10.03,True,False,False,False,11.0,5.0,-27.0,fraco,ABERTURA,74.9,,
2026-09-24,1,1,1,STX,EUA,925.44,885.0,1046.76,4.37,True,True,False,False,9.0,-11.0,129.0,fraco,ABERTURA,54.1,15,True
2026-09-24,3,2,2,U,EUA,44.62,41.26,54.7,7.53,True,False,True,False,-6.0,60.0,136.0,forte,ADXHOJE,87.1,15,True
2026-09-24,4,2,3,HPE,EUA,63.86,60.44,74.11,5.36,True,False,True,True,19.0,28.0,162.0,medio,ABERTURA,36.8,7,True
2026-09-24,5,3,1,PANW,EUA,383.73,374.2,412.32,2.48,False,True,False,False,10.0,35.0,140.0,forte,,,15,True
2026-09-24,6,3,2,CORT,EUA,117.9,112.05,135.45,4.96,False,True,False,True,-8.0,41.0,236.0,forte,,,15,False
2026-09-24,7,4,1,ZBRA,EUA,371.02,338.67,,8.72,True,False,False,False,1.0,56.0,80.0,forte,ADXHOJE,70.3,,
2026-09-24,8,4,2,NDSN,EUA,321.42,306.03,,4.79,True,False,False,False,-3.0,11.0,20.0,medio,ADXHOJE,71.0,,
2026-09-24,9,4,3,FAST,EUA,50.99,48.06,,5.75,True,False,False,False,-1.0,12.0,16.0,medio,ADXHOJE,80.8,,
2026-09-24,10,4,4,DE,EUA,709.48,665.45,,6.21,True,False,False,False,10.0,20.0,25.0,medio,ADXHOJE,43.8,,
2026-09-24,11,4,5,GRMN,EUA,287.58,268.67,,6.58,True,False,False,False,-2.0,22.0,21.0,medio,3JUNTOS,88.0,,
2026-09-24,12,4,6,BIIB,EUA,227.53,208.93,,8.17,True,False,False,False,5.0,15.0,24.0,medio,ABERTURA,70.1,,
2026-09-24,13,4,7,AVT,EUA,101.15,90.9,,10.13,True,False,False,False,15.0,13.0,71.0,medio,ABERTURA,48.6,,
2026-09-24,14,4,8,GGG,EUA,78.37,75.68,,3.43,True,False,False,False,-3.0,6.0,-7.0,fraco,ADXHOJE,68.0,,
2026-09-24,16,4,10,AME,EUA,246.45,230.01,,6.67,True,False,False,False,3.0,5.0,16.0,fraco,ADXHOJE,70.5,,
2026-09-24,17,4,11,IR,EUA,76.22,70.94,,6.93,True,False,False,False,-5.0,-1.0,-7.0,fraco,3JUNTOS,65.4,,
2026-09-24,18,4,12,WSO,EUA,325.37,301.95,,7.2,True,False,False,False,4.0,-15.0,-14.0,fraco,ADXHOJE,60.5,,
2026-09-24,19,4,13,TXN,EUA,272.62,248.13,,8.98,True,False,False,False,3.0,-10.0,46.0,fraco,ADXHOJE,76.7,,
2026-09-24,20,4,14,ITT,EUA,211.94,192.62,,9.12,True,False,False,False,2.0,9.0,13.0,fraco,ADXHOJE,66.8,,
2026-09-24,22,4,16,AAON,EUA,82.36,74.08,,10.05,True,False,False,False,4.0,-36.0,3.0,fraco,ABERTURA,85.5,,
2026-09-24,23,4,17,CDNS,EUA,309.09,273.07,,11.65,True,False,False,False,-3.0,-18.0,6.0,fraco,ADXHOJE,38.6,,
2026-09-24,24,4,18,POWL,EUA,192.62,167.31,,13.14,True,False,False,False,-3.0,-34.0,7.0,fraco,ADXHOJE,57.1,,
2026-09-24,25,4,19,AKAM,EUA,118.44,102.5,,13.46,True,False,False,False,7.0,-1.0,4.0,fraco,ADXHOJE,64.0,,
2026-09-24,26,4,20,WDC,EUA,473.69,407.12,,14.05,True,False,False,False,9.0,-26.0,57.0,fraco,ADXHOJE,73.7,,
2026-09-24,27,4,21,ENTG,EUA,150.93,126.63,,16.1,True,False,False,False,5.0,-10.0,31.0,fraco,ADXHOJE,75.7,,
2026-09-24,28,4,22,ACMR,EUA,80.67,62.78,,22.18,True,False,False,False,2.0,-19.0,80.0,fraco,ABERTURA,57.0,,
2026-09-26,1,4,1,MSFT,EUA,516.17,487.23,602.99,5.61,True,False,False,False,4.0,39.0,42.0,forte,ABERTURA,82.2,,
2026-09-26,2,4,2,DDS,EUA,664.07,620.38,795.14,6.58,True,False,False,False,5.0,15.0,20.0,medio,ABERTURA,75.2,,
2026-09-26,3,4,3,BEEF3,B3,4.09,3.78,5.02,7.58,True,False,False,False,-0.0,14.0,-1.0,medio,ABERTURA,61.1,,
2026-09-26,4,4,4,PYPL,EUA,55.04,50.8,67.76,7.7,True,False,False,False,-11.0,25.0,22.0,medio,3JUNTOS,87.2,,
2026-09-26,5,4,5,HUM,EUA,397.93,386.83,431.23,2.79,True,False,False,False,2.0,4.0,129.0,fraco,3JUNTOS,63.5,,
2026-09-26,6,4,6,VLTO,EUA,97.14,93.97,106.65,3.26,True,False,False,False,-2.0,8.0,13.0,fraco,ABERTURA,77.3,,
2026-09-26,7,4,7,LEVE3,B3,33.51,32.17,37.53,4.0,True,False,False,False,4.0,1.0,3.0,fraco,ABERTURA,67.6,,
2026-09-26,8,4,8,TTC,EUA,97.15,91.11,115.27,6.22,True,False,False,False,-3.0,0.0,4.0,fraco,ADXHOJE,57.1,,
2026-09-26,9,4,9,ROK,EUA,434.15,406.92,515.84,6.27,True,False,False,False,1.0,-9.0,23.0,fraco,ADXHOJE,58.6,,
2026-09-26,10,4,10,WMS,EUA,133.13,124.75,158.27,6.29,True,False,False,False,-6.0,-14.0,-1.0,fraco,ABERTURA,67.7,,
2026-09-26,11,4,11,AMG,EUA,373.69,339.87,475.15,9.05,True,False,False,False,1.0,9.0,35.0,fraco,ADXHOJE,57.2,,
2026-09-26,12,4,12,MCHPP,EUA,67.12,59.84,88.96,10.85,True,False,False,False,5.0,-8.0,21.0,fraco,ADXHOJE,69.8,,
2026-09-26,13,4,13,VFC,EUA,14.15,12.6,18.8,10.95,True,False,False,False,3.0,-18.0,-13.0,fraco,ADXHOJE,77.4,,
2026-09-26,14,4,14,MCHP,EUA,78.69,68.75,108.51,12.63,True,False,False,False,6.0,-10.0,24.0,fraco,ADXHOJE,79.4,,
2026-09-26,15,4,15,AZZA3,B3,16.38,14.3,22.62,12.7,True,False,False,False,10.0,-14.0,-38.0,fraco,3JUNTOS,67.5,,
2026-09-26,16,4,16,ON,EUA,77.2,65.8,111.4,14.77,True,False,False,False,5.0,-15.0,27.0,fraco,ADXHOJE,74.7,,
2026-09-26,17,3,1,BE,EUA,288.0,251.3,398.1,12.74,False,True,False,True,32.0,15.0,116.0,medio,,,13,True
2026-09-28,1,3,1,CHE,EUA,514.3,509.01,530.17,1.03,True,False,False,False,-1.0,12.0,40.0,medio,ADXHOJE,88.0,,
2026-09-28,2,3,2,RGA,EUA,252.97,241.84,286.36,4.4,True,False,False,False,3.0,18.0,28.0,medio,ADXHOJE,86.9,,
2026-09-28,3,3,3,GAP,EUA,22.95,19.85,32.25,13.51,True,False,False,False,10.0,24.0,-6.0,medio,ADXHOJE,74.6,,
2026-09-28,4,3,4,HST,EUA,22.66,21.53,26.05,4.99,True,False,False,False,1.0,-6.0,26.0,fraco,ADXHOJE,65.4,,
2026-09-28,5,3,5,HLT,EUA,320.28,302.11,374.79,5.67,True,False,False,False,-2.0,-4.0,9.0,fraco,ADXHOJE,69.4,,
2026-09-28,6,3,6,LGND,EUA,314.1,270.77,444.09,13.79,True,False,False,False,10.0,0.0,61.0,fraco,ABERTURA,44.8,,
2026-09-29,1,3,1,GAP,EUA,22.95,19.85,32.25,13.51,True,False,False,False,10.0,24.0,-6.0,medio,ADXHOJE,74.8,,
2026-09-29,2,3,2,RGA,EUA,252.97,241.84,286.36,4.4,True,False,False,False,3.0,18.0,28.0,medio,ADXHOJE,86.6,,
2026-09-29,3,3,3,CHE,EUA,514.3,509.01,530.17,1.03,True,False,False,False,-1.0,12.0,40.0,medio,ADXHOJE,88.3,,
2026-09-29,4,3,4,LGND,EUA,314.1,270.77,444.09,13.79,True,False,False,False,10.0,0.0,61.0,fraco,ABERTURA,44.8,,
2026-09-29,5,3,5,HLT,EUA,320.28,302.11,374.79,5.67,True,False,False,False,-2.0,-4.0,9.0,fraco,ADXHOJE,69.4,,
2026-09-29,6,3,6,HST,EUA,22.66,21.53,26.05,4.99,True,False,False,False,1.0,-6.0,26.0,fraco,ADXHOJE,65.3,,
2026-10-03,1,3,1,SMCI,EUA,43.69,39.85,55.21,8.79,True,False,False,False,18.0,61.0,88.0,forte,3JUNTOS_ABERTURA,62.9,,
2026-10-03,2,3,2,SMCIP,EUA,72.57,67.28,88.44,7.29,True,False,False,False,16.0,52.0,,forte,3JUNTOS_ABERTURA,69.2,,
2026-10-03,3,3,3,PETR4,B3,51.17,47.89,61.01,6.41,True,False,False,False,6.0,40.0,13.0,forte,ADXHOJE,80.0,,
2026-10-03,4,3,4,SMTC,EUA,194.88,162.56,291.84,16.58,True,False,False,False,46.0,40.0,136.0,forte,ADXHOJE,39.1,,
2026-10-03,5,3,5,PETR3,B3,56.62,52.02,70.42,8.12,True,False,False,False,6.0,39.0,13.0,forte,ADXHOJE,75.2,,
2026-10-03,6,3,6,SEER3,B3,14.6,12.73,20.21,12.81,True,False,False,False,7.0,27.0,16.0,medio,3JUNTOS,80.1,,
2026-10-03,7,3,7,INTB3,B3,15.98,13.76,22.64,13.89,True,False,False,False,6.0,27.0,11.0,medio,ADXHOJE,77.4,,
2026-10-03,8,3,8,CYRE3,B3,27.99,26.14,33.54,6.61,True,False,False,False,10.0,24.0,2.0,medio,ABERTURA,54.7,,
2026-10-03,9,3,9,GOAU4,B3,11.75,11.0,14.0,6.38,True,False,False,False,6.0,23.0,35.0,medio,3JUNTOS_ABERTURA,98.1,,
2026-10-03,10,3,10,RECV3,B3,11.2,10.47,13.39,6.52,True,False,False,False,-3.0,22.0,-13.0,medio,ADXHOJE,58.6,,
2026-10-03,11,3,11,GGBR4,B3,26.1,24.77,30.09,5.1,True,False,False,False,3.0,21.0,34.0,medio,3JUNTOS_ABERTURA,90.0,,
2026-10-03,12,3,12,JHSF3,B3,12.05,11.22,14.54,6.89,True,False,False,False,5.0,15.0,26.0,medio,ADXHOJE,79.3,,
2026-10-03,13,3,13,CPLE3,B3,16.61,15.53,19.85,6.5,True,False,False,False,6.0,11.0,6.0,medio,ABERTURA,94.4,,
2026-10-03,14,3,14,VIVA3,B3,25.0,21.21,36.37,15.16,True,False,False,False,5.0,11.0,-5.0,medio,ABERTURA,77.2,,
2026-10-03,15,3,15,MLI,EUA,62.56,59.49,71.77,4.91,True,False,False,False,1.0,10.0,14.0,medio,ADXHOJE,52.9,,
2026-10-03,16,3,16,BBSE3,B3,40.45,38.24,47.08,5.46,True,False,False,False,-3.0,10.0,20.0,medio,ABERTURA,65.7,,
2026-10-03,17,3,17,CLH,EUA,318.51,309.81,344.61,2.73,True,False,False,False,1.0,8.0,7.0,fraco,ABERTURA,71.2,,
2026-10-03,18,3,18,FFIV,EUA,454.04,428.93,529.37,5.53,True,False,False,False,16.0,8.0,50.0,fraco,3JUNTOS_ABERTURA,59.7,,
2026-10-03,19,3,19,TAEE11,B3,42.85,39.77,52.09,7.19,True,False,False,False,5.0,8.0,5.0,fraco,ADXHOJE,75.1,,
2026-10-03,20,3,20,COGN3,B3,2.43,2.08,3.48,14.4,True,False,False,False,1.0,8.0,-23.0,fraco,ABERTURA,60.2,,
2026-10-03,21,3,21,MPWR,EUA,1439.73,1132.16,2362.44,21.36,True,False,False,False,18.0,7.0,29.0,fraco,3JUNTOS_ABERTURA,73.3,,
2026-10-03,22,3,22,RS,EUA,400.31,381.79,455.87,4.63,True,False,False,False,0.0,6.0,32.0,fraco,ADXHOJE,79.3,,
2026-10-03,23,3,23,CMIG4,B3,11.41,10.73,13.45,5.96,True,False,False,False,5.0,6.0,-6.0,fraco,ABERTURA,79.1,,
2026-10-03,24,3,24,KEPL3,B3,6.78,6.36,8.04,6.19,True,False,False,False,4.0,5.0,-18.0,fraco,ABERTURA,66.6,,
2026-10-03,25,3,25,ABEV3,B3,15.84,15.08,18.12,4.8,True,False,False,False,2.0,0.0,4.0,fraco,3JUNTOS_ABERTURA,91.8,,
2026-10-03,26,3,26,VULC3,B3,13.87,13.2,15.88,4.83,True,False,False,False,4.0,0.0,-21.0,fraco,ABERTURA,79.4,,
2026-10-03,27,3,27,SPCX,EUA,158.96,145.36,199.76,8.56,True,False,False,False,13.0,-1.0,,fraco,ABERTURA,86.4,,
2026-10-03,28,3,28,HUBB,EUA,475.52,435.71,594.95,8.37,True,False,False,False,6.0,-4.0,-3.0,fraco,3JUNTOS,85.3,,
2026-10-03,29,3,29,PSSA3,B3,49.47,46.58,58.14,5.84,True,False,False,False,-2.0,-6.0,-0.0,fraco,3JUNTOS_ABERTURA,75.7,,
2026-10-03,30,3,30,AAOI,EUA,115.59,93.62,181.5,19.01,True,False,False,False,12.0,-6.0,11.0,fraco,ABERTURA,86.0,,
2026-10-03,31,3,31,FTV,EUA,57.47,54.38,66.74,5.38,True,False,False,False,2.0,-10.0,3.0,fraco,3JUNTOS_ABERTURA,94.3,,
2026-10-03,32,3,32,XPO,EUA,186.09,171.39,230.19,7.9,True,False,False,False,0.0,-10.0,-7.0,fraco,ADXHOJE,62.7,,
2026-10-03,33,3,33,USIM3,B3,7.02,6.22,9.42,11.4,True,False,False,False,-4.0,-11.0,5.0,fraco,ADXHOJE,76.2,,
2026-10-03,34,3,34,USIM5,B3,7.48,6.68,9.88,10.7,True,False,False,False,-4.0,-14.0,10.0,fraco,ADXHOJE,69.1,,
2026-10-03,35,3,35,BTSG,EUA,60.25,54.87,76.39,8.93,True,False,False,False,0.0,-15.0,40.0,fraco,ADXHOJE,73.0,,
2026-10-03,36,3,36,GNRC,EUA,216.8,193.96,285.32,10.54,True,False,False,False,20.0,-16.0,12.0,fraco,ADXHOJE,54.0,,
2026-10-03,37,3,37,AMKR,EUA,56.02,45.33,88.09,19.08,True,False,False,False,19.0,-20.0,20.0,fraco,ABERTURA,36.6,,
2026-10-03,38,3,38,TTEN3,B3,10.82,9.97,13.37,7.86,True,False,False,False,-10.0,-28.0,-32.0,fraco,ABERTURA,59.8,,
2026-10-03,39,4,1,HNGE,EUA,98.46,96.32,104.87,2.17,False,True,False,True,6.0,10.0,151.0,medio,,,15,True
2026-10-03,40,4,2,AMD,EUA,639.0,601.5,751.5,5.87,False,True,False,True,39.0,15.0,191.0,medio,,,5,True
2026-10-03,41,4,3,MRVL,EUA,278.0,257.58,339.26,7.35,False,True,False,True,32.0,9.0,154.0,fraco,,,5,True
2026-10-03,42,4,4,RBRK,EUA,117.05,113.57,127.49,2.97,False,True,False,True,36.0,36.0,131.0,forte,,,5,True
2026-10-03,43,4,5,HPE,EUA,67.1,61.76,83.12,7.96,False,True,False,True,34.0,61.0,183.0,forte,,,7,True
2026-10-03,7,3,5,NTNX,EUA,72.29,66.25,90.41,8.36,True,False,False,False,8.0,38.0,76.0,forte,ADXHOJE,67.2,,
2026-10-03,9,3,7,DT,EUA,59.32,55.64,70.36,6.2,True,False,False,False,17.0,30.0,57.0,forte,ABERTURA,45.8,,
2026-10-03,15,3,13,HYPE3,B3,25.16,23.7,29.54,5.8,True,False,False,False,13.0,21.0,11.0,medio,ABERTURA,64.9,,
2026-10-03,17,3,15,FTNT,EUA,180.95,169.56,215.12,6.29,True,False,False,False,17.0,11.0,119.0,medio,ADXHOJE,43.1,,
2026-10-03,19,3,17,TEL,EUA,220.36,200.43,280.15,9.04,True,False,False,False,9.0,11.0,6.0,medio,ABERTURA,57.0,,
2026-10-03,36,3,34,SBSP3,B3,28.23,26.44,33.6,6.34,True,False,False,False,8.0,-5.0,-10.0,fraco,ABERTURA,83.8,,
2026-10-03,39,3,37,HON,EUA,213.99,209.02,228.9,2.32,True,False,False,False,4.0,-7.0,-10.0,fraco,ABERTURA,53.3,,
2026-10-03,45,3,43,LUV,EUA,42.47,40.45,48.53,4.76,True,False,False,False,11.0,-16.0,14.0,fraco,ABERTURA,47.1,,
2026-10-03,47,3,45,CRUS,EUA,121.17,116.94,133.86,3.49,True,False,False,False,7.0,-19.0,-18.0,fraco,ADXHOJE,40.3,,
2026-10-06,1,2,1,YDUQ3,B3,12.46,10.34,18.82,17.01,True,False,True,True,31.0,43.0,6.0,forte,ABERTURA,56.2,11,True
2026-10-06,2,2,2,CYRE3,B3,33.14,26.14,54.14,21.12,True,False,True,True,31.0,47.0,20.0,forte,ATRASADO,51.6,14,True
2026-10-06,3,2,3,BPAC11,B3,80.89,61.72,138.4,23.7,True,False,True,True,38.0,50.0,42.0,forte,ATRASADO,46.1,11,True
2026-10-06,4,2,4,B3SA3,B3,23.3,17.53,40.61,24.76,True,False,True,True,36.0,62.0,29.0,forte,ATRASADO,45.3,8,True
2026-10-06,5,3,1,CSMG3,B3,61.03,54.26,81.34,11.09,True,False,False,False,8.0,-2.0,6.0,fraco,3JUNTOS,100.0,,
2026-10-06,6,3,2,LWSA3,B3,4.51,3.83,6.55,15.08,True,False,False,False,8.0,13.0,18.0,medio,ABERTURA,91.5,,
2026-10-06,7,3,3,CBAV3,B3,11.29,11.16,11.68,1.15,True,False,False,False,1.0,5.0,8.0,fraco,ABERTURA,78.2,,
2026-10-06,8,3,4,ALUP11,B3,36.19,31.36,50.68,13.35,True,False,False,False,8.0,11.0,4.0,medio,ADXHOJE,76.2,,
2026-10-06,9,3,5,SAPR11,B3,37.81,33.64,50.32,11.03,True,False,False,False,6.0,5.0,-17.0,fraco,ADXHOJE,72.4,,
2026-10-06,10,3,6,CXSE3,B3,20.62,20.03,22.39,2.86,True,False,False,False,4.0,2.0,16.0,fraco,ABERTURA,70.5,,
2026-10-06,11,3,7,MDIA3,B3,18.4,16.02,25.54,12.93,True,False,False,False,5.0,6.0,-19.0,fraco,ABERTURA,68.6,,
2026-10-06,12,3,8,VIVT3,B3,31.83,29.62,38.46,6.94,True,False,False,False,6.0,-7.0,-18.0,fraco,ABERTURA,67.0,,
2026-10-06,13,3,9,QUAL3,B3,1.88,1.52,2.96,19.15,True,False,False,False,23.0,9.0,-6.0,fraco,ABERTURA,65.8,,
2026-10-06,14,3,10,POMO4,B3,4.68,4.03,6.63,13.89,True,False,False,False,3.0,-16.0,-21.0,fraco,ADXHOJE,61.8,,
2026-10-06,15,3,11,EGIE3,B3,31.64,28.74,40.34,9.17,True,False,False,False,4.0,0.0,-2.0,fraco,ADXHOJE,59.6,,
2026-10-06,16,3,12,SBFG3,B3,10.1,7.5,17.9,25.74,True,False,False,False,12.0,1.0,-15.0,fraco,ABERTURA,56.8,,
2026-10-06,17,3,13,GMAT3,B3,5.29,4.79,6.79,9.45,True,False,False,False,10.0,45.0,15.0,forte,ABERTURA,53.0,,
2026-10-06,18,3,14,RADL3,B3,21.29,17.55,32.51,17.57,True,False,False,False,5.0,22.0,-2.0,medio,ABERTURA,49.2,,
2026-10-06,19,3,15,UNIP6,B3,57.67,55.73,63.49,3.36,True,False,False,False,1.0,-3.0,-5.0,fraco,3JUNTOS_ABERTURA,85.4,,
2026-10-06,20,3,16,TOTS3,B3,36.82,33.19,47.71,9.86,True,False,False,False,6.0,30.0,6.0,forte,ABERTURA,76.8,,
2026-10-06,21,3,17,SMTO3,B3,19.87,17.11,28.15,13.89,True,False,False,False,-2.0,33.0,-1.0,forte,ADXHOJE,59.8,,
2026-10-06,22,3,18,TIMS3,B3,19.27,17.88,23.44,7.21,True,False,False,False,3.0,-13.0,-28.0,fraco,3JUNTOS_ABERTURA,59.0,,
2026-10-06,23,3,19,DIRR3,B3,11.35,9.56,16.72,15.77,True,False,False,False,-1.0,-18.0,-15.0,fraco,ADXHOJE,54.0,,
2026-10-06,24,3,20,CSNA3,B3,6.43,5.25,9.97,18.35,True,False,False,False,1.0,35.0,-1.0,forte,ABERTURA,50.7,,
2026-10-06,25,3,21,IRBR3,B3,64.07,58.49,80.81,8.71,True,False,False,False,8.0,17.0,21.0,medio,ABERTURA,37.5,,
2026-10-10,1,1,1,SNOW,EUA,349.0,332.11,399.67,4.84,True,True,False,True,12.0,37.0,205.0,forte,ABERTURA,94.7,15,True
2026-10-10,2,1,2,DDOG,EUA,285.68,269.38,334.58,5.71,True,True,False,True,32.0,13.0,178.0,medio,3JUNTOS_ABERTURA,81.1,11,True
2026-10-10,3,1,3,HNGE,EUA,100.36,96.04,113.32,4.3,True,True,False,True,17.0,14.0,191.0,medio,CRUZ_6_10D,65.2,15,True
2026-10-10,4,1,4,GME,EUA,25.82,24.04,31.16,6.89,True,True,False,True,30.0,21.0,14.0,medio,CRUZ_6_10D,53.0,6,True
2026-10-10,5,3,1,STE,EUA,214.4,206.53,238.01,3.67,True,False,False,False,1.0,-1.0,-3.0,fraco,3JUNTOS_ABERTURA,84.8,,
2026-10-10,6,3,2,MRNA,EUA,225.0,130.38,508.86,42.05,True,False,False,False,65.0,236.0,342.0,forte,3JUNTOS_ABERTURA,83.0,,
2026-10-10,7,3,3,HIMS,EUA,30.92,27.31,41.75,11.68,True,False,False,False,13.0,-10.0,59.0,fraco,3JUNTOS,75.6,,
2026-10-10,8,3,4,TME,EUA,8.38,7.66,10.54,8.59,True,False,False,False,6.0,-5.0,-10.0,fraco,ABERTURA,72.6,,
2026-10-10,9,3,5,AMT,EUA,182.24,160.3,248.06,12.04,True,False,False,False,6.0,9.0,5.0,fraco,ADXHOJE,66.3,,
2026-10-10,10,3,6,ACA,EUA,147.18,146.0,150.72,0.8,True,False,False,False,1.0,2.0,32.0,fraco,ABERTURA,65.9,,
2026-10-10,11,3,7,MUSA,EUA,529.14,500.01,616.53,5.51,True,False,False,False,1.0,-13.0,8.0,fraco,ABERTURA,64.2,,
2026-10-10,12,3,8,VEEV,EUA,296.13,272.84,366.0,7.86,True,False,False,False,13.0,50.0,96.0,forte,ADXHOJE,62.8,,
2026-10-10,13,3,9,AMZN,EUA,262.43,244.73,315.53,6.74,True,False,False,False,4.0,6.0,10.0,fraco,ABERTURA,62.1,,
2026-10-10,14,3,10,CCI,EUA,79.64,65.32,122.6,17.98,True,False,False,False,9.0,1.0,-5.0,fraco,ADXHOJE,57.9,,
2026-10-10,15,3,11,VRSN,EUA,303.74,275.23,389.27,9.39,True,False,False,False,5.0,13.0,18.0,medio,ADXHOJE,57.8,,
2026-10-10,16,3,12,SBAC,EUA,182.49,156.6,260.16,14.19,True,False,False,False,1.0,-2.0,-17.0,fraco,ADXHOJE,57.8,,
2026-10-10,17,3,13,YUM,EUA,144.82,135.35,173.23,6.54,True,False,False,False,1.0,-10.0,-10.0,fraco,ADXHOJE,56.9,,
2026-10-10,18,3,14,ELV,EUA,412.7,375.74,523.58,8.96,True,False,False,False,-1.0,-3.0,34.0,fraco,ADXHOJE,56.9,,
2026-10-10,19,3,15,TOST,EUA,31.31,28.69,39.17,8.37,True,False,False,False,-2.0,5.0,23.0,fraco,ADXHOJE,56.3,,
2026-10-10,20,3,16,CME,EUA,280.56,260.06,342.06,7.31,True,False,False,False,2.0,15.0,-4.0,medio,ADXHOJE,55.7,,
2026-10-10,21,3,17,COR,EUA,323.85,295.01,410.37,8.91,True,False,False,False,1.0,6.0,1.0,fraco,ADXHOJE,54.3,,
2026-10-10,22,3,18,VNOM,EUA,42.99,39.77,52.65,7.49,True,False,False,False,-4.0,1.0,-2.0,fraco,ADXHOJE,49.8,,
2026-10-10,23,3,19,CHYM,EUA,30.08,25.92,42.56,13.83,True,False,False,False,-8.0,44.0,53.0,forte,ADXHOJE,47.2,,
2026-10-10,24,3,20,ISRG,EUA,423.96,389.11,528.51,8.22,True,False,False,False,18.0,4.0,-6.0,fraco,ADXHOJE,45.9,,
2026-10-10,25,3,21,PCG,EUA,13.13,11.72,17.36,10.74,True,False,False,False,-6.0,-24.0,-29.0,fraco,ABERTURA,44.2,,
2026-10-10,26,3,22,AVTR,EUA,15.67,14.57,18.97,7.02,True,False,False,False,5.0,48.0,98.0,forte,ADXHOJE,42.7,,
2026-10-10,27,3,23,MTD,EUA,1549.99,1473.81,1778.53,4.91,True,False,False,False,21.0,19.0,17.0,medio,ABERTURA,40.7,,
2026-10-10,28,3,24,UNH,EUA,379.3,362.6,429.4,4.4,True,False,False,False,-2.0,-11.0,26.0,fraco,ABERTURA,39.1,,
2026-10-10,29,3,25,HUM,EUA,431.87,376.23,598.79,12.88,True,False,False,False,8.0,6.0,125.0,fraco,ADXHOJE,67.0,,
2026-10-10,30,3,26,BR,EUA,165.45,155.68,194.76,5.91,True,False,False,False,-2.0,10.0,11.0,medio,ADXHOJE,57.3,,
2026-10-10,31,3,27,YUMC,EUA,42.92,39.72,52.52,7.46,True,False,False,False,1.0,-2.0,-13.0,fraco,ADXHOJE,56.1,,
2026-10-10,32,3,28,UGPA3,B3,39.09,36.11,48.03,7.62,True,False,False,False,1.0,30.0,32.0,forte,ABERTURA,41.1,,
2026-10-10,33,4,1,FTNT,EUA,192.41,187.83,206.15,2.38,False,True,False,True,23.0,21.0,154.0,medio,,,11,True
