date,open,high,low,close,volume,div,split
2023-05-04,22.347639404098302,23.61689325014497,22.10254131519277,23.546865463256836,77004200,,
2023-05-05,23.336777577257138,23.660657072306215,22.942870308899316,23.19672203063965,11292000,,
2023-05-08,23.047915740790593,23.50309716010078,22.680269466669905,23.20547866821289,6308300,,
2023-05-09,23.205478143947904,23.49434294783132,22.82032451557202,23.004148483276367,4684000,,
2023-05-10,23.00414533284784,23.433065639291836,22.767800979421427,22.97788429260254,9602400,,
2023-05-11,22.785317141698705,23.047920967222197,22.759056091308594,22.759056091308594,5687300,,
2023-05-12,22.77655539078718,23.301764525399673,22.671512896027156,23.19672203063965,5433800,,
2023-05-15,23.196724874323063,24.33030074156903,23.196724874323063,24.072072982788086,7083200,,
2023-05-16,24.10708946559435,24.308419144512797,23.625646969091893,23.660661697387695,3818400,,
2023-05-17,23.897002650542685,24.247143228978047,23.284259977468828,23.826974868774414,3392200,,
2023-05-18,23.826977703138272,23.94077390554472,23.371797902295125,23.669416427612305,2648100,,
2023-05-19,23.669412759437545,23.861113867733035,23.363040599138895,23.83572769165039,1794300,,
2023-05-22,23.923266712982503,24.01080186863485,22.72403892061206,22.820327758789062,7509400,,
2023-05-23,22.767809774771962,22.986646852573006,22.592739444693365,22.759056091308594,2485000,,
2023-05-24,22.76780616033606,23.240493305157173,22.636504268418758,23.1529598236084,1953600,,
2023-05-25,23.19672566263342,23.319273867713076,22.671516445787056,23.047916412353516,2139400,,
2023-05-26,23.135454149401916,23.135454149401916,22.934124455782882,23.021657943725586,844100,,
2023-05-30,23.00415530311696,23.196731339599243,21.997503362138012,22.52271270751953,6340200,,
2023-05-31,22.42641946218494,22.42641946218494,21.874949214239408,21.96248435974121,6347800,,
2023-06-01,22.146308948405746,22.443927472072996,21.66486810284683,22.128803253173828,6072700,,
2023-06-02,22.111296518130683,22.49645020730444,21.85744472970422,22.36514663696289,2329400,,
2023-06-05,22.391405074320982,22.55772168632686,21.734893977533314,22.015005111694336,4737300,,
2023-06-06,21.88370530925684,22.2250905778111,21.79617015410097,22.032514572143555,1315000,,
2023-06-07,21.97124080943881,22.10691871594653,21.804924178990323,21.953733444213867,1626600,,
2023-06-08,21.874947505179026,22.02375674002761,21.717384589504768,21.979990005493164,2711800,,
2023-06-09,21.92747258387783,22.023761423844146,21.7524039389141,21.971240997314453,1874000,,
2023-06-12,21.892459009778516,22.05877563775235,21.66486827402333,21.901212692260742,2619800,,
2023-06-13,21.87494935585429,22.07627902309599,21.84868831115553,21.99749755859375,2039800,,
2023-06-14,21.997498119388755,22.31262398543139,21.988746107193425,22.18132209777832,2412000,,
2023-06-15,22.233842356558277,22.715284833895918,22.041266367379666,22.54021453857422,1442900,,
2023-06-16,22.627745437300682,22.986637972684306,22.496443575261704,22.97788429260254,2333000,,
2023-06-20,22.71528586440399,23.091684178111517,22.70653218228138,22.811573028564453,1487500,,
2023-06-21,22.925366497142228,23.371794214680385,22.557720239733975,22.934120178222656,3605900,,
2023-06-22,22.934119479209468,23.284258363784915,22.933242942412374,23.240489959716797,1130700,,
2023-06-23,23.24049430714853,23.406810934531233,22.995397876894245,23.17922019958496,2793400,,
2023-06-26,23.275505876729273,23.284259557991856,22.776557731919887,22.890352249145508,2507300,,
2023-06-27,22.776561709622683,22.82032845398505,22.050022733885175,22.662765502929688,2904600,,
2023-06-28,22.671513790441836,22.776556289345894,22.47018414293576,22.5839786529541,1807900,,
2023-06-29,22.531464293351824,22.951631062694933,22.50520324417001,22.750301361083984,1353900,,
2023-06-30,22.794067867161594,23.336782814706858,22.732792090869797,23.126699447631836,3936600,,
2023-07-03,23.03041204937869,23.284263843938298,22.583984240376626,22.794069290161133,7558600,,
2023-07-05,22.680272753093945,22.97789128810745,22.42642263181435,22.496450424194336,1990700,,
2023-07-06,22.365144439176753,22.588359151147042,22.216335187727925,22.426420211791992,4856900,,
2023-07-07,22.426419265459195,22.452678640163565,22.067525005090644,22.076278686523438,1793700,,
2023-07-10,22.15505947991468,22.34325945104408,21.97123718416632,22.1025390625,2121200,,
2023-07-11,22.303872400741554,22.365146509434616,21.888081659417445,21.953733444213867,1942600,,
2023-07-12,22.120046424836218,22.207581566923327,21.848687317406778,22.1025390625,2320900,,
2023-07-13,22.251348304720246,22.32137608447602,21.778659539173297,22.233840942382812,2477900,,
2023-07-14,22.347638001850118,22.417665784344216,21.63860482580411,21.8311824798584,3830200,,
2023-07-17,21.796168232484508,21.93622380054849,21.656112664420526,21.78741455078125,1709200,,
2023-07-18,21.66486772909806,21.909965823652872,21.660491722764124,21.717388153076172,1713500,,
2023-07-19,21.778664518064033,21.918721779188488,21.446032905578612,21.88370704650879,2870800,,
2023-07-20,20.964589873116086,21.547570420147267,19.686580644187803,21.454784393310547,36675600,,
2023-07-21,21.57733510562727,21.77866481247414,20.815783025086727,21.017112731933594,14587900,,
2023-07-24,20.281814515076057,21.367245903670945,20.238047780133538,21.148408889770508,22641600,,
2023-07-25,21.305974473199342,21.988746643066406,21.139657854335415,21.988746643066406,15018100,,
2023-07-26,21.96249139580204,22.085039637008574,21.25783566967533,21.61235237121582,10716400,,
2023-07-27,21.839937161153543,21.88370390111814,20.97334101742645,21.21843910217285,11476200,,
2023-07-28,21.209684557672283,21.38475484959884,21.052121628857194,21.35849380493164,13214600,,
2023-07-31,21.017111542631785,21.078385652587897,20.56630773115958,20.728246688842773,14630700,,
2023-08-01,20.57943240080014,20.80702308911894,20.465636221843805,20.701980590820312,14685500,,
2023-08-02,20.614449932350663,20.9383295086736,20.456888655063157,20.920822143554688,16233200,,
2023-08-03,21.034616090617146,21.38913101347409,20.78951801402947,20.999601364135742,16111000,,
2023-08-04,21.025865248722287,21.025865248722287,20.36935406487488,20.59694480895996,20999100,,
2023-08-07,20.71949408221434,20.724746626081757,20.413121846926614,20.60569953918457,15379100,,
2023-08-08,20.614446446188015,20.614446446188015,20.316827967874485,20.46563720703125,20150600,,
2023-08-09,20.39560842780557,20.51815828730923,20.18552510099141,20.439376831054688,40849100,,
2023-08-10,20.789519780722657,20.912067994633613,20.2292974661649,20.45688819885254,51365500,,
2023-08-11,20.395613555933686,20.833287680907322,20.351846811274036,20.763259887695312,46063200,,
2023-08-14,20.658217884236382,20.745753038283684,20.0017067332729,20.080488204956055,89481200,,
2023-08-15,20.06297911407543,20.807025355070937,19.817881037749245,20.360597610473633,105996500,,
2023-08-16,20.561927974373486,20.61444839622232,19.96669096143967,20.071733474731445,86179200,,
2023-08-17,20.23804816564134,20.38685740471201,19.739098361985132,19.9404296875,71709300,,
2023-08-18,20.097994434309935,20.133009164697253,19.572786835254096,20.019214630126953,93537500,,
2023-08-21,20.281815579525308,20.73699699303001,19.966689728699897,20.04547119140625,178017500,,
2023-08-22,20.34309144469835,20.850793320863325,20.238050598371334,20.780765533447266,90542700,,
2023-08-23,20.87705370325975,21.052122331434873,20.675724029541016,20.675724029541016,119406800,,
2023-08-24,20.97334100724181,21.095890884352553,20.25555578676875,20.710737228393555,372341300,,
2023-08-25,20.481205898686593,20.560658984697277,20.145736939124248,20.27815818786621,86974600,0.2,
2023-08-28,20.234018332894735,20.481205898686593,19.960347527651003,20.27815818786621,39395000,,
2023-08-29,20.066281138053707,20.414991670159857,19.92503160066365,20.181047439575195,59445800,,
2023-08-30,20.163393789973313,20.428236290548252,19.99565930823449,20.366439819335938,36094000,,
2023-08-31,20.384098635654265,20.595972995752906,20.313473848954718,20.348785400390625,36119700,,
2023-09-01,20.481207008454174,20.595971647895016,20.189879571905355,20.269330978393555,27566400,,
2023-09-05,20.23402087626462,20.286989045653876,19.942693418882094,19.960350036621094,28465000,,
2023-09-06,20.004485052873207,20.048624902704095,19.686672745843314,19.75729751586914,24727700,,
2023-09-07,19.810271344967465,19.93386429644071,18.5037103106785,18.530195236206055,102648300,,
2023-09-08,18.415429974355288,18.918631755674046,17.987266287101292,18.803865432739258,59635700,,
2023-09-11,19.53660121506851,19.580742762997307,19.068712593818447,19.483633041381836,42830600,,
2023-09-12,19.49245867264656,19.527771906137456,18.54785156652458,18.591991424560547,43697200,,
2023-09-13,18.618474832446637,19.342379221742018,18.609646524793337,19.068708419799805,35434500,,
2023-09-14,19.271757709720646,19.271757709720646,18.976016930449067,19.192304611206055,22195700,,
2023-09-15,19.174647375182847,19.307070324326265,18.715587101010367,18.73324203491211,32265200,,
2023-09-18,18.84800508993621,18.84800508993621,18.38894321173571,18.60964584350586,18035300,,
2023-09-19,18.459570166624992,18.627304658051443,18.265352433908024,18.591991424560547,21142800,,
2023-09-20,18.759727912007403,18.892149184032476,18.43308720277291,18.44191551208496,15623200,,
2023-09-21,18.468398526025055,18.768554276216374,18.28300741734093,18.39777374267578,20599600,,
2023-09-22,18.49488551236435,18.561095306979933,18.097620009359467,18.141759872436523,14865900,,
2023-09-25,18.10644738292387,18.40660315105252,18.071134147225088,18.388946533203125,16272000,,
2023-09-26,18.177074428155528,18.406605437222986,18.079964701750228,18.221214294433594,23574200,,
2023-09-27,18.283006522226398,18.362459610082855,17.69152504302677,17.85042953491211,25270500,,
2023-09-28,17.762152818120587,17.9034024017224,17.612074925065176,17.753324508666992,32556800,,
2023-09-29,17.89456972185105,17.943124570073273,17.67386709089727,17.726835250854492,27974900,,
2023-10-02,17.86808638556252,18.079960728020463,17.775391676454845,17.938711166381836,25296300,,
2023-10-03,18.0005066203163,18.177069404285174,17.576757959384008,17.647382736206055,24924500,,
2023-10-04,17.585586884006528,17.64738335541569,17.258946227351228,17.4178524017334,19610400,,
2023-10-05,17.488477701790234,17.57234578733793,17.285431665734695,17.444337844848633,18014900,,
2023-10-06,17.36488414674138,17.88574252277138,17.117696578579288,17.718008041381836,25090300,,
2023-10-09,17.541446685791016,17.766562639217486,17.364883899075235,17.541446685791016,16032800,,
2023-10-10,17.585585766249114,17.726835315871398,17.32956990516656,17.382539749145508,13937900,,
2023-10-11,17.506136596468934,17.550276459155207,17.091216162203366,17.2766056060791,20414700,,
2023-10-12,17.303090083641038,17.409026424862024,16.980864379699888,17.0559024810791,14461500,,
2023-10-13,17.10887087584919,17.205980593097237,16.994106224051517,17.10004425048828,16410700,,
2023-10-16,17.10004229160342,17.409024658674095,16.85726802629415,17.250120162963867,15272000,,
2023-10-17,17.02941718175433,17.567930499574043,16.78222960903494,17.461994171142578,18750100,,
2023-10-18,17.470825122312082,17.726839357943522,17.382543712711374,17.709182739257812,18294200,,
2023-10-19,17.70035257531621,17.84071981665295,17.49730653318872,17.514963150024414,18831500,,
2023-10-20,17.541449762546755,17.682699343163428,17.40902680736928,17.42668342590332,24057700,,
2023-10-23,17.232464872966652,17.484065781991053,17.148596780740025,17.373714447021484,19716500,,
2023-10-24,17.373713018119513,17.65886080381702,17.347228093727086,17.6385555267334,21650900,,
2023-10-25,17.65621166330665,17.76126566470223,17.409024093842437,17.4178524017334,24711200,,
2023-10-26,16.640980629231766,16.888166526748684,16.33199657350798,16.499731063842773,60514900,,
2023-10-27,16.424691751262927,16.51738646546275,15.965629808805211,16.07598114013672,43215400,,
2023-10-30,16.190748660604008,16.66305225879611,15.731686684322474,16.455591201782227,39398800,,
2023-10-31,16.605664121073062,16.667460583265058,16.331993352582515,16.42027473449707,81622600,,
2023-11-01,16.402620797486083,16.68511991864141,16.248129616800387,16.667463302612305,20218100,,
2023-11-02,16.773403902258842,16.989693272409063,16.579186147463343,16.976449966430664,15439000,,
2023-11-03,17.205980593097237,17.40019834376553,17.03824608616728,17.10004425048828,16874300,,
2023-11-06,17.17949595927498,17.250122433992303,16.985278205285855,17.082387924194336,13242000,,
2023-11-07,17.14482642162742,17.49271949031127,17.114498730688815,17.48379898071289,12172600,0.2,
2023-11-08,17.448116649942655,17.57746148483188,17.046703933221448,17.091304779052734,13552100,,
2023-11-09,17.198351861390563,17.21619118164504,16.984264705615594,17.14482879638672,10423400,,
2023-11-10,17.1715894190455,17.229571885687374,17.02886465609118,17.082386016845703,14475400,,
2023-11-13,17.082385425264647,17.118067465474212,16.94412177298589,17.037784576416016,14283900,,
2023-11-14,17.16267050844767,17.48380210573484,17.055627776960975,17.314315795898438,16003900,,
2023-11-15,17.47487847111451,17.635444241058867,17.385675076543954,17.48379898071289,16026300,,
2023-11-16,17.44811900435412,17.51948138816159,17.367836109894036,17.492721557617188,12665000,,
2023-11-17,17.44811800949512,17.671125658854663,17.376755629756598,17.55516242980957,12840900,,
2023-11-20,17.581923166931684,17.73356844438516,17.358915506053826,17.617605209350586,18248800,,
2023-11-21,17.60868287125474,17.876293057382696,17.590841851896894,17.751407623291016,17662900,,
2023-11-22,17.840611143407866,18.117140139734975,17.81384961418398,17.876293182373047,21322700,,
2023-11-24,17.94765827960671,18.282169789254787,17.94765827960671,18.063621520996094,12663700,,
2023-11-27,18.010098933808614,18.08146131630151,17.84953314784625,17.98333740234375,32839900,,
2023-11-28,17.974416891855462,18.063620295324935,17.911975019850857,17.98333740234375,19154500,,
2023-11-29,18.045776278180217,18.161741193860717,17.894131027884033,17.911972045898438,13457500,,
2023-11-30,18.036858785013504,18.25094593274327,17.876294700276237,18.23310661315918,47302700,,
2023-12-01,18.1171431027028,18.54531913324471,18.1171431027028,18.45611572265625,17798700,,
2023-12-04,18.3936710357666,18.598837657788387,18.286626619130335,18.3936710357666,22516200,,
2023-12-05,18.36691100865273,18.420432370642224,17.983337561332263,17.992258071899414,19199000,,
2023-12-06,18.03685786910393,18.063619399241233,17.14482728148708,17.296472549438477,37456400,,
2023-12-07,17.47487941908928,19.078750721641203,17.394596529761927,18.563156127929688,60070800,,
2023-12-08,18.625595391741324,18.732639796342184,18.37582795002781,18.384748458862305,24536000,,
2023-12-11,18.286628041081638,18.482874168525882,18.10822123328621,18.366910934448242,18094900,,
2023-12-12,18.429351131873926,18.65235877064434,18.17066315563514,18.509634017944336,17755000,,
2023-12-13,18.5899171048068,18.76832389831543,18.300006490708597,18.76832389831543,19393500,,
2023-12-14,18.848605197759557,18.964570124665034,18.58099670729248,18.786163330078125,19302400,,
2023-12-15,18.616679736573058,18.78616432888704,18.536396844881857,18.723722457885742,38178500,,
2023-12-18,18.821846690052286,18.84860652012842,18.625598861955798,18.74156379699707,16832900,,
2023-12-19,19.84768194947205,19.896743907415996,18.94227138476866,19.151897430419922,50883800,,
2023-12-20,19.080537819474095,19.339227562077802,18.638983536634925,18.688045501708984,24956700,,
2023-12-21,18.777244946127638,18.946731250032755,18.661281707506333,18.928890228271484,14647200,,
2023-12-22,18.95564807347078,19.107293326115073,18.919966036889466,19.05377197265625,9577700,,
2023-12-26,18.955649062021706,19.08499389925468,18.853065753620356,18.991331100463867,8128600,,
2023-12-27,18.97349149017854,19.22325897216797,18.96457097990558,19.22325897216797,10852400,,
2023-12-28,19.20095938836387,19.31246321954068,19.080535046523302,19.151897430419922,8146900,,
2023-12-29,19.098375119170875,19.232179369653856,19.027012738819064,19.205419540405273,9359200,,
2024-01-02,19.13405758905825,19.495328903321028,19.10729605779629,19.241100311279297,35216200,,
2024-01-03,19.107297842027396,19.267863641765924,18.89767008110059,18.973493576049805,18892500,,
2024-01-04,18.991333357077966,19.076075656327603,18.634519735911525,18.64344024658203,16729000,,
2024-01-05,18.73264216737694,19.098374568817427,18.67822756702306,19.04485321044922,24854100,,
2024-01-08,18.95564964535042,19.312461533686122,18.95564964535042,19.294620513916016,14321000,,
2024-01-09,19.1965013620572,19.499791940747617,19.1965013620572,19.49087142944336,18106300,,
2024-01-10,19.44626781138511,19.53547121814464,19.223260145193017,19.41950798034668,17925900,,
2024-01-11,19.348140153978054,19.57114775745411,19.142971865706215,19.562227249145508,16607600,,
2024-01-12,19.62467103556793,19.660353072310915,19.125134431058246,19.187576293945312,16986400,,
2024-01-16,19.116213863473465,19.174196322297103,18.80400284857877,18.937807083129883,12962400,,
2024-01-17,18.786164169069234,18.951191056926884,18.665739832556905,18.714801788330078,14488900,,
2024-01-18,18.63451846714039,18.74156288648466,18.49179370895691,18.679121017456055,9154600,,
2024-01-19,18.688040162775824,18.688040162775824,18.313387274550873,18.47395133972168,15841800,,
2024-01-22,18.304468995735768,18.456114271387694,18.090381848006004,18.23310661315918,20041600,,
2024-01-23,18.371368903955076,18.714800876215886,18.340147970241667,18.652359008789062,16013200,,
2024-01-24,18.616677946628688,18.710340744125197,18.206343017280343,18.224184036254883,12345100,,
2024-01-25,18.37582977496474,18.545316056825968,18.2339965628128,18.509634017944336,12613600,,
2024-01-26,18.634518986742663,18.723722388448003,18.545317286450697,18.58991813659668,14121400,,
2024-01-29,18.5899171048068,18.830765765619468,18.572076085173283,18.76832389831543,10817100,,
2024-01-30,18.688040613516556,18.71480044098385,18.47662810832814,18.61667823791504,10593500,,
2024-01-31,18.68804097082408,18.696959779208207,18.491793158107797,18.5185546875,13225600,,
2024-02-01,18.536397363314318,18.73264349215184,18.32231021328791,18.634519577026367,11400600,,
2024-02-02,18.48287355586475,18.661280357746442,18.402590665159327,18.580997467041016,12678900,,
2024-02-05,18.50963606893203,18.50963606893203,18.066297065323813,18.268787384033203,12643400,,
2024-02-06,18.233106837097786,18.509635860301714,18.197424794664542,18.375831604003906,13267100,,
2024-02-07,18.50071427262479,18.50071427262479,18.20634424534178,18.304468154907227,26170300,,
2024-02-08,17.706806733146934,17.880752417928804,17.216188910481588,17.242950439453125,44119600,,
2024-02-09,17.126987216736296,17.497179009736353,17.019942802263397,17.242950439453125,24589600,,
2024-02-12,17.367835794034693,17.51948106954436,17.220651624476925,17.47488021850586,17750800,,
2024-02-13,17.48388966451461,17.65061700029462,17.204508398268704,17.348705291748047,16678500,0.2,
2024-02-14,17.321667155214733,17.45234612277281,17.132409383409936,17.20450782775879,15853000,,
2024-02-15,17.222534064838126,17.357718442511615,17.123398052361676,17.168458938598633,18646500,,
2024-02-16,17.132410573401593,17.213521543798212,17.04679420196633,17.168458938598633,16387600,,
2024-02-20,17.114387134012784,17.240559002461826,16.988215265563742,17.177473068237305,15817600,,
2024-02-21,17.21352303106307,17.42531127743061,17.033276032616488,17.393768310546875,12660700,,
2024-02-22,17.357719798601888,17.4117932101033,17.078338500388035,17.294633865356445,11359000,,
2024-02-23,17.258584077365924,17.41630063217455,17.16846057732711,17.285621643066406,13774600,,
2024-02-26,17.249571683206476,17.251374875184975,16.979202900050616,17.069326400756836,17420200,,
2024-02-27,17.04228562121207,17.096359023854124,16.871051174056014,17.051298141479492,15954200,,
2024-02-28,17.060311164898867,17.276606500808658,16.862039151093,17.249568939208984,16447700,,
2024-02-29,17.26759472396531,17.362223615195894,17.03327433689724,17.123397827148438,19298500,,
2024-03-01,16.9611759185791,17.06932445086492,16.844016584318517,16.9611759185791,14618600,,
2024-03-04,16.907103663848083,17.19549747764258,16.771919278502253,17.08734893798828,18745500,,
2024-03-05,17.042286560758203,17.30364450603474,16.9701881136065,17.132410049438477,19216100,,
2024-03-06,17.123398248453885,17.808334384667557,17.114385727310758,17.6461124420166,17447900,,
2024-03-07,17.745247045625398,18.231911115946232,17.722716604039135,17.84438133239746,22510900,,
2024-03-08,17.745249603710093,18.14179024588709,17.72722456025766,18.04265594482422,11932700,,
2024-03-11,18.078703860052656,18.331049305179402,18.042655493013243,18.159814834594727,12106400,,
2024-03-12,18.19586522055019,18.375209760167884,18.132779287969228,18.150802612304688,12156700,,
2024-03-13,18.204878621944303,18.520308300092147,18.204878621944303,18.394136428833008,23717400,,
2024-03-14,18.25894768243601,18.35808368276941,17.94802347997544,18.08771324157715,18494000,,
2024-03-15,17.844379413798997,18.398638187210643,17.844379413798997,18.331045150756836,68562300,,
2024-03-18,18.123766877018973,18.36709808717997,17.997593292123646,18.204877853393555,18907400,,
2024-03-19,18.331049719326128,18.385123130588266,18.114754355314822,18.204877853393555,18217300,,
2024-03-20,18.16882853360579,18.398643549356734,18.092224674330694,18.394136428833008,13173300,,
2024-03-21,18.40314686258912,18.853762601909164,18.40314686258912,18.66450309753418,18323600,,
2024-03-22,18.727592516224583,18.808703494490683,18.511297147169245,18.565370559692383,10408800,,
2024-03-25,18.66450508430738,18.8402466852779,18.533827812406013,18.610431671142578,11924700,,
2024-03-26,18.673512514995615,18.943882945028744,18.601414077445913,18.86277198791504,14484300,,
2024-03-27,18.934872859414256,19.34042597815154,18.907835297246745,19.3314151763916,13286700,,
2024-03-28,19.448575936332496,19.448575936332496,19.2503056227624,19.34042739868164,14405400,,
2024-04-01,19.322405814195395,19.358454184015475,19.024999457587665,19.133146286010742,10457500,,
2024-04-02,19.151169267940894,19.196230155103926,18.745614407622966,18.763639450073242,15495100,,
2024-04-03,18.700549853723054,18.72758741209704,18.231909155681205,18.331045150756836,15066200,,
2024-04-04,18.484256184754326,18.547342107599096,18.159812331309816,18.177837371826172,12183400,,
2024-04-05,18.132781514294848,18.304014289763327,18.0696938550053,18.249940872192383,11313100,,
2024-04-08,18.249939313793753,18.258951835779804,18.069692311998324,18.078704833984375,9262800,,
2024-04-09,18.105740793781774,18.430184680647,18.015617300878915,18.34006118774414,10106700,,
2024-04-10,18.150803241899347,18.285989352362293,18.033643894322633,18.24092674255371,11808100,,
2024-04-11,17.988580109532045,18.006605152278112,17.438830057478434,17.528953552246094,25410000,,
2024-04-12,17.51994357790871,17.610067085778454,17.22704260707278,17.24056053161621,9414800,,
2024-04-15,17.393769979305894,17.438832592722232,17.13241369734287,17.24056053161621,13423300,,
2024-04-16,17.195494712033156,17.27660567398785,16.988211906576694,17.222532272338867,20306600,,
2024-04-17,17.420801226496494,17.438826265322934,17.16845583981329,17.366727828979492,10022900,,
2024-04-18,17.45685465489892,17.673150005445976,17.357718641287192,17.6461124420166,11215700,,
2024-04-19,17.565001470691126,17.745248455628328,17.47037257713228,17.6461124420166,9506100,,
2024-04-22,17.6461124420166,17.763271778951932,17.28562019110484,17.6461124420166,17453800,,
2024-04-23,17.66413861661705,17.767780037962684,17.362225155338244,17.45685577392578,19765100,,
2024-04-24,17.366734130219026,17.438832592722232,17.218030084389508,17.24056053161621,22713800,,
2024-04-25,17.32166945439274,17.389262506987794,17.11438661424658,17.14142417907715,14246300,,
2024-04-26,17.123400497083757,17.195498956734017,16.974696457138485,16.997228622436523,15454700,,
2024-04-29,16.988215265563742,17.19099271054455,16.920622210915877,17.177473068237305,13240500,,
2024-04-30,17.042286888052814,17.177471264188135,16.889077470042757,16.9611759185791,26872700,,
2024-05-01,17.02426285973089,17.132411398455414,16.798954979770606,16.98821449279785,12771100,,
2024-05-02,17.069324462915585,17.357718257264565,17.069324462915585,17.23154640197754,22724700,,
2024-05-03,17.20451006914056,17.43883047354192,17.190992146239836,17.303646087646484,15941000,,
2024-05-06,17.411790942265288,17.465864346723787,17.06481663564505,17.19549560546875,26549600,,
2024-05-07,17.714639662172434,18.42504566578075,17.714639662172434,18.288429260253906,30039600,0.2,
2024-05-08,18.288428959891892,18.83489631019614,18.206458770487664,18.625417709350586,24428800,,
2024-05-09,18.680067757757357,18.771145957699332,18.5480044547001,18.7073917388916,14394600,,
2024-05-10,18.752929970276504,18.775699085968952,18.516127345296233,18.7073917388916,15019500,,
2024-05-13,18.48879954353111,18.930527592806577,18.370399124094,18.543447494506836,20853100,,
2024-05-14,18.670957708171212,19.08080869419498,18.570771525549404,18.789358139038086,21289500,,
2024-05-15,18.39772690139219,18.894101267045176,18.324864688873042,18.7073917388916,97658200,,
2024-05-16,18.807575506939695,19.076255231489068,18.684620202094514,18.76203727722168,71519400,,
2024-05-17,18.871331346003096,18.88954733432539,18.56166649321315,18.64363670349121,31071000,,
2024-05-20,18.670956188392758,18.716494411056686,18.1062728466321,18.124488830566406,24636700,,
2024-05-21,18.15181363360997,18.30664602976331,17.915011043188866,18.188243865966797,27778900,,
2024-05-22,18.106273651123047,18.33396824890321,18.03796631409215,18.106273651123047,15202600,,
2024-05-23,18.088059060476812,18.12448929210127,17.65088412078009,17.70553207397461,16089700,,
2024-05-24,17.73285621021535,17.805718418429944,17.427746256183003,17.623563766479492,24363700,,
2024-05-28,17.49605208502511,17.67820845838287,17.39586764313307,17.53248405456543,16231100,,
2024-05-29,17.35943850244436,17.46873269170371,17.168175842705743,17.186391830444336,13001900,,
2024-05-30,17.186390463708747,17.414085080817294,17.15906648427378,17.295682907104492,17340100,,
2024-05-31,17.313900934221678,17.61445779474537,17.186392489506257,17.578025817871094,31659300,,
2024-06-03,17.432300173507155,17.732857013147896,17.41408592350783,17.523378372192383,15902600,,
2024-06-04,17.54159243125888,17.54159243125888,17.227374504363247,17.44140625,18523500,,
2024-06-05,17.368545115092346,17.468731302515167,17.1408504979838,17.295682907104492,20674500,,
2024-06-06,17.168170562182553,17.286570971721833,16.867613805628732,16.967798233032227,27907800,,
2024-06-07,17.013342678879496,17.086204889482254,16.731001829940322,16.749216079711914,17923400,,
2024-06-10,16.649030282409573,16.76743071364545,16.471427029797773,16.658138275146484,16438100,,
2024-06-11,16.585272319248663,16.831182881767617,16.475979894021425,16.82207489013672,23197400,,
2024-06-12,16.849399418789638,16.940477600920165,16.302932063178307,16.35757827758789,19717800,,
2024-06-13,16.394015051233414,16.539739490492813,16.241915189471072,16.42133903503418,14768100,,
2024-06-14,16.293827075939962,16.46687548018208,16.16631863974691,16.457767486572266,15356100,,
2024-06-17,16.357581366890415,17.140851449101234,16.357581366890415,17.113529205322266,20146700,,
2024-06-18,17.104419249672752,17.200050566273877,16.75832247934684,16.867616653442383,21747100,,
2024-06-20,16.986018751766533,17.17728314093155,16.894940553934244,17.159067153930664,24977100,,
2024-06-21,17.22281926805597,17.295681469989635,16.75832207928941,16.876724243164062,63084700,,
2024-06-24,17.140848585055718,17.2865729847685,17.017893297078334,17.21371078491211,19862800,,
2024-06-25,17.104421315523116,17.18639152170204,16.867618690692026,16.986019134521484,15046800,,
2024-06-26,16.84940148857325,16.9495876749409,16.630814866911862,16.931371688842773,16542100,,
2024-06-27,16.904047273932758,16.958695230818392,16.694568650720505,16.776538848876953,18657600,,
2024-06-28,16.78564556503389,16.931369964634953,16.43044255815278,16.557950973510742,57323300,,
2024-07-01,16.60349330370468,16.753772605122993,16.28927531506499,16.34847640991211,21089800,,
2024-07-02,16.40311979639804,16.630814404781404,16.38490381080609,16.612598419189453,14781800,,
2024-07-03,16.740107670136023,16.7719865150812,16.576169003233886,16.676353454589844,5859500,,
2024-07-05,16.64903121202553,16.685461447835312,16.52152104376109,16.676353454589844,12172600,,
2024-07-08,16.65813989074078,16.65813989074078,16.394013287269907,16.621707916259766,15968400,,
2024-07-09,16.630817124235946,16.66724736420488,16.37124536720776,16.594385147094727,12147200,,
2024-07-10,16.521520299183322,16.612598490361265,16.098008186802094,16.120779037475586,24692600,,
2024-07-11,16.18453151516555,16.339363902418405,16.093453333751196,16.321147918701172,35772200,,
2024-07-12,16.494197605807035,16.76743043468058,16.3575794541983,16.703676223754883,12523500,,
2024-07-15,16.703678398022674,16.749216629705188,16.475983765265738,16.494199752807617,14171600,,
2024-07-16,16.439551518199014,16.721894108910394,16.398566415493956,16.621707916259766,15408300,,
2024-07-17,16.639923522018595,17.095312769558202,16.639923522018595,16.794755935668945,17834900,,
2024-07-18,16.803863216467043,17.07709605853478,16.676353051286327,16.685461044311523,14131000,,
2024-07-19,16.812970570768613,16.840294551629373,16.535184582625597,16.621707916259766,15412400,,
2024-07-22,16.58527103292151,16.6399189784685,16.394008435021977,16.603487014770508,15788700,,
2024-07-23,16.475981824597604,16.603490248027466,16.312041430375224,16.330257415771484,12491000,,
2024-07-24,16.32115066783485,16.62170750110772,16.25739645125759,16.548845291137695,9390800,,
2024-07-25,16.694570128049634,17.04066519975847,16.612599922639514,16.621707916259766,11082200,,
2024-07-26,16.73099879649029,17.10897090259676,16.67635084556719,17.02244758605957,11484600,,
2024-07-29,16.98601656973413,17.213711166479015,16.86761614378243,17.12263298034668,12564800,,
2024-07-30,16.867620184173962,17.13174507633589,16.67180264509438,17.077098846435547,12381300,,
2024-07-31,17.0042362145176,17.08620642596341,16.721895340188855,16.840295791625977,42056200,,
2024-08-01,17.0042301973038,17.031554170507484,16.749211658917783,16.967798233032227,12817600,,
2024-08-02,16.98601766190978,17.159066052970783,16.776539036356578,17.140850067138672,17688600,,
2024-08-05,17.040661981846515,17.18638811507989,16.489641500665574,16.567058563232422,21724900,,
2024-08-06,18.352184842214207,19.053484643553816,18.134508507673235,18.998838424682617,44403600,,
2024-08-07,18.844004756574886,19.171883784928763,18.625418158615016,18.780250549316406,24344700,,
2024-08-08,18.734710583258558,19.458779448791073,18.588986184663373,19.354040145874023,21849700,,
2024-08-09,19.308504075920954,19.340381183095154,19.048932353404158,19.144563674926758,20636700,,
2024-08-12,19.199208810419254,19.26751788602774,18.980622200512837,19.208316802978516,17481100,,
2024-08-13,19.25385777261325,19.57263060893028,19.235643522070834,19.43601417541504,16625400,,
2024-08-14,19.45900143202513,19.744080831609224,19.422217842089314,19.477394104003906,16462400,0.205,
2024-08-15,19.486592281020314,19.882025995814576,19.477395944162087,19.836044311523438,10727900,,
2024-08-16,19.716492853237835,19.964786899741537,19.642923922047537,19.928003311157227,11269800,,
2024-08-19,19.983180692016802,20.157907571153327,19.891219084364852,19.900415420532227,10019600,,
2024-08-20,19.900417026822318,19.964789631168074,19.67511291161217,19.817651748657227,11291400,,
2024-08-21,19.90961053161743,20.09353373560413,19.836041600827087,19.946395874023438,8446800,,
2024-08-22,19.946399614984305,20.015369513898417,19.523376868085364,19.82684898376465,12239500,,
2024-08-23,19.872830664598553,20.14411647656771,19.863634327274955,20.065948486328125,6785500,,
2024-08-26,20.102732751461836,20.282056934545874,20.052153775920818,20.194692611694336,9431500,,
2024-08-27,20.2314764209682,20.314241692102993,19.992376943692328,20.157907485961914,10096300,,
2024-08-28,20.185495982193995,20.191933241918445,19.85443490605462,19.973983764648438,7896100,,
2024-08-29,20.056749826151478,20.167104107232085,19.799259426999715,20.00157356262207,12053500,,
2024-08-30,20.07514300009855,20.190094575168747,19.973985052749786,20.185497283935547,14008500,,
2024-09-03,20.00157200909831,20.45218192663678,19.909610407677437,20.323436737060547,13879900,,
2024-09-04,20.26826035624029,20.810830117923448,20.23147501428393,20.700477600097656,22620800,,
2024-09-05,20.74645752352146,20.8568117953689,20.58092699276113,20.700477600097656,15490300,,
2024-09-06,20.70047795040636,21.151087872867457,20.691281614761643,21.022342681884766,18883300,,
2024-09-09,21.031538476186725,21.362597780766848,20.810829934437802,21.335010528564453,21843100,,
2024-09-10,21.29822711270391,21.579628336350858,21.049931296301853,21.19706916809082,15021200,,
2024-09-11,21.289030556668997,21.362599491803934,20.85221423692081,21.233854293823242,12941500,,
2024-09-12,21.243049730225984,21.32581499800001,20.939577666395113,21.22465705871582,9269900,,
2024-09-13,21.298230326111835,21.52813350472187,21.187877782631368,21.509740829467773,11090800,,
2024-09-16,21.610895970118094,21.656875898233018,21.307423884102842,21.50054168701172,9220800,,
2024-09-17,21.5833097764621,21.62929146459734,21.28903398848479,21.509740829467773,13263700,,
2024-09-18,21.555720262714754,21.629289202013226,21.22006186753911,21.325817108154297,15225500,,
2024-09-19,21.46375589141523,21.564913827707308,21.04533227405478,21.059125900268555,13622500,,
2024-09-20,20.994756293812937,21.178679521606313,20.884402006332536,21.169483184814453,75871900,,
2024-09-23,20.994756293812937,21.28903205506482,20.930383690291826,21.169483184814453,20080800,,
2024-09-24,21.17867982267927,21.33041499684724,20.96257029005316,21.252248764038086,14365300,,
2024-09-25,21.344206508758994,21.45731986307099,21.09591245255718,21.15108871459961,12625600,,
2024-09-26,21.28903018417439,21.41777713392416,21.178677660413715,21.27063751220703,12504500,,
2024-09-27,21.279832041401797,21.55111779081042,21.178675862213584,21.390186309814453,12450000,,
2024-09-30,21.48214973178818,21.601698591532532,21.220060295329404,21.27063751220703,17088300,,
2024-10-01,21.307422667854084,21.316619003756497,20.85681273276614,20.948774337768555,13640500,,
2024-10-02,20.875203508066168,20.902790759245395,20.599318718122955,20.810829162597656,16504900,,
2024-10-03,20.672890367525998,20.737262967451656,20.46137989519261,20.479772567749023,10312400,,
2024-10-04,20.50735962426559,20.554260412624405,20.341830834923822,20.37861442565918,8451600,,
2024-10-07,20.42459463925786,20.44758635706467,20.12112255683917,20.222280502319336,9859300,,
2024-10-08,20.295850524715892,20.300449570132034,20.010771099681563,20.093536376953125,11377100,,
2024-10-09,20.065945917952345,20.125721225893688,19.771670177351524,19.799259185791016,10437800,,
2024-10-10,19.808456029077878,19.86363229334772,19.54176753606696,19.60614013671875,11911600,,
2024-10-11,19.670515467196964,19.780869765073174,19.596946519953512,19.734888076782227,14513000,,
2024-10-14,19.642923505904673,19.94179651514903,19.578550911729632,19.863630294799805,18677100,,
2024-10-15,19.85443658235575,20.217683987786188,19.80845665301954,20.010770797729492,11925300,,
2024-10-16,19.918808399614697,20.093535281441998,19.88202480840052,19.98318099975586,13919600,,
2024-10-17,20.084341134053027,20.084341134053027,19.652123804555263,19.725692749023438,12260700,,
2024-10-18,19.78086597291495,19.992376436438786,19.66591440525786,19.973983764648438,13309700,,
2024-10-21,21.10510746944247,21.50973570449229,20.967164191925594,21.077518463134766,38291800,,
2024-10-22,20.73726382859457,21.19707013746826,20.718872909296245,21.08671760559082,18080900,,
2024-10-23,20.985558036582283,21.109705940878456,20.700478638210562,20.930381774902344,10664000,,
2024-10-24,21.05912822251625,21.233855107918824,20.94417664733437,21.12350082397461,11664200,,
2024-10-25,21.1143040507896,21.169482068631428,20.81083196874674,20.82002830505371,8395700,,
2024-10-28,21.0131479896809,21.04993158111494,20.760254878748235,21.040735244750977,10540300,,
2024-10-29,20.89359632235407,21.067404089072767,20.81083105325407,20.948774337768555,13109200,,
2024-10-30,20.82922188506497,21.141890262039922,20.746456623276217,21.049928665161133,15919800,,
2024-10-31,20.856814451153976,21.302827132048453,20.79336095601461,21.08671760559082,34406400,,
2024-11-01,21.022344503999058,21.23845227130522,20.893597547835533,20.902793884277344,15528900,,
2024-11-04,20.976363510616977,21.358003592386297,20.911990907432244,21.187875747680664,17341800,,
2024-11-05,21.095911700473803,21.675266816319304,21.07751902910812,21.362598419189453,17781300,,
2024-11-06,21.65687474343932,21.65687474343932,20.511958106622075,20.691282272338867,16727100,,
2024-11-07,20.387811444419306,21.505140895508937,20.26826257799976,21.12350082397461,28744400,,
2024-11-08,21.031540611835837,21.81320990665321,21.003951602810286,21.776426315307617,16635100,,
2024-11-11,21.849994550197113,21.960347074711166,21.601698739007862,21.86838722229004,13838400,,
2024-11-12,21.849994459402982,22.02472133551623,21.732283814127836,21.748836517333984,10714200,,
2024-11-13,21.75347426664835,21.892621931277098,21.373136490962448,21.465900421142578,16481200,0.205,
2024-11-14,21.54011327560793,22.031770259418796,21.456624320444604,21.901899337768555,14017300,,
2024-11-15,21.818411044302177,22.384278483909984,21.744198834057286,22.09670639038086,16166900,,
2024-11-18,22.082792050555877,22.268321690620656,21.957558614598856,22.00394058227539,14591600,,
2024-11-19,21.883346659929003,22.078153049672867,21.55866757433056,21.976112365722656,9838300,,
2024-11-20,21.94828163174649,22.059600830078125,21.857371985234852,22.059600830078125,7418800,,
2024-11-21,22.068876455799668,22.486319447271068,21.97611075679762,22.347171783447266,8331200,,
2024-11-22,22.49559751379323,22.551256228716213,22.264611281292805,22.3378963470459,10505900,,
2024-11-25,22.490961661661203,22.6347468331234,22.2497715202964,22.4863224029541,26971900,,
2024-11-26,22.518790898372945,22.690406319807888,22.208027790116187,22.3750057220459,12315700,,
2024-11-27,22.458489550214836,22.63938346224654,22.31006513728516,22.38427734375,11666900,,
2024-11-29,22.263684137362368,22.486320766412955,22.152364938157753,22.3378963470459,7516500,,
2024-12-02,22.36572560986288,22.514150022730906,22.147726479368597,22.504873275756836,10173800,,
2024-12-03,22.38427977736218,22.47704548786833,21.734923342536657,21.78130531311035,13665700,,
2024-12-04,21.753477406547972,21.82305036422524,20.57071766308755,21.48445701599121,27219800,,
2024-12-05,21.697813181740532,21.76274863880373,21.336028909897855,21.456623077392578,13914400,,
2024-12-06,21.5586698111881,21.660712275084578,21.169055221916555,21.18760871887207,9708800,,
2024-12-09,21.33603135510643,21.577221487095898,21.094841223116966,21.15977668762207,15267200,,
2024-12-10,21.12267124621261,21.31284014857929,20.770161914915214,21.09484100341797,10492300,,
2024-12-11,21.104118104885124,21.127309089590177,20.584632616185313,20.61246109008789,9433200,,
2024-12-12,20.389824550478046,20.997438261091695,20.189451752234106,20.70522689819336,14949900,,
2024-12-13,20.668119065375553,20.695947535896895,20.35271675750469,20.603181838989258,9184000,,
2024-12-16,20.714502499263464,20.849012680857832,20.454758883359716,20.473312377929688,7786300,,
2024-12-17,20.501142876425003,20.570715827895402,20.27850624687416,20.445484161376953,10278500,,
2024-12-18,20.408378855652906,20.56608003576639,19.916721818979372,19.953828811645508,15271800,,
2024-12-19,19.963103755806976,20.18574038360841,19.870338051883387,20.046592712402344,13048400,,
2024-12-20,19.963107259823015,20.38055034671274,19.916723515040417,20.19502067565918,22915000,,
2024-12-23,20.139357365443654,20.2469662228031,19.97238121565464,20.028039932250977,13256800,,
2024-12-24,19.92599759599309,20.074422020706134,19.82395690985206,20.00020980834961,9164900,,
2024-12-26,19.94455081806554,20.195017694845472,19.888892101900673,20.14863395690918,5970300,,
2024-12-27,20.02804030944144,20.22748596447309,19.972381591796875,19.972381591796875,9833600,,
2024-12-30,19.879614636661096,19.90744310905958,19.647701263427734,19.647701263427734,7123700,,
2024-12-31,19.712637051037166,19.879614965625688,19.684806808819527,19.805402755737305,6934200,,
2025-01-02,19.963103698697733,20.018762413149208,19.61987112596994,19.740467071533203,8253900,,
2025-01-03,19.777571467846816,19.80540170859302,19.568849085646658,19.6662540435791,6079200,,
2025-01-06,20.0373155732665,20.0373155732665,19.5363818434895,19.582765579223633,10740100,,
2025-01-07,19.61987295105703,19.777574131138138,19.4250665476762,19.52710723876953,8828800,,
2025-01-08,19.47144768673247,19.58276689059031,19.23025755283942,19.573490142822266,7579300,,
2025-01-10,19.38795758932039,19.449182705512445,19.183874458466416,19.341575622558594,11057100,,
2025-01-13,19.323021386034398,19.564211496522102,19.202427215469818,19.452892303466797,12682000,,
2025-01-14,19.46217072029907,19.596680907386393,19.415788751338678,19.508554458618164,7275900,,
2025-01-15,19.656977950742945,19.720057354764645,19.258086666900464,19.341575622558594,10050000,,
2025-01-16,19.239535681790016,19.680171500931976,19.22098218492199,19.656980514526367,8810500,,
2025-01-17,19.66625585114401,19.800764270383887,19.508554677804657,19.573490142822266,11267000,,
2025-01-21,19.666253602007515,19.684805326063216,19.11893793179771,19.295190811157227,19203400,,
2025-01-22,19.295191780961378,19.341575516828236,19.109662145569764,19.248809814453125,19218300,,
2025-01-23,19.22097957293301,19.313745275308122,19.0029822071139,19.248809814453125,12575000,,
2025-01-24,19.285918593737794,19.35085406062169,19.21634386815718,19.276641845703125,12092500,,
2025-01-27,19.592044266777304,19.981658838738632,19.55029978516149,19.888893127441406,15342800,,
2025-01-28,19.851785320868892,20.083698704919602,19.777573108747013,19.814680099487305,13831600,,
2025-01-29,19.88888931310316,19.95382476775011,19.675527687230904,19.768293380737305,12249200,,
2025-01-30,19.94455081806554,20.195017694845472,19.833231616377123,20.14863395690918,11733100,,
2025-01-31,19.86106376564718,20.065146924081223,19.735830315235777,19.749746322631836,16433400,,
2025-02-03,19.647702198370144,19.735828647423244,19.52710624770937,19.69408416748047,9693600,,
2025-02-04,19.39723768851724,19.59204587516991,19.239536497173244,19.304471969604492,11813700,,
2025-02-05,19.480724512915664,19.52710648258388,19.10038669968839,19.239534378051758,19231100,,
2025-02-06,19.049366313794003,19.573491087143303,18.321158387777864,18.36754035949707,25808800,,
2025-02-07,18.460303392811223,18.766428962057255,18.404644680955187,18.720046997070312,17734300,,
2025-02-10,18.803539999396367,19.239536579996596,18.73860452668558,19.09111213684082,14043000,,
2025-02-11,19.10038701315212,19.443617840790733,19.04472829476508,19.397235870361328,10921800,,
2025-02-12,19.233288553924453,19.697022454187643,19.206119088701843,19.636127471923828,10317000,0.205,
2025-02-13,19.579918418919537,20.221652098582563,19.561181225689804,20.09518051147461,14062000,,
2025-02-14,20.113916230592917,20.741597918532463,20.00618004816233,20.544862747192383,27015700,,
2025-02-18,20.41370603587513,20.79780956998101,20.352811050162597,20.610441207885742,14108300,,
2025-02-19,20.732227597313756,20.90554394265211,20.413704268334858,20.863386154174805,14198000,,
2025-02-20,20.863387604107142,21.153806952202277,20.50270467470776,20.975807189941406,19044800,,
2025-02-21,20.947704879758682,21.959490168417517,20.928967684979735,21.847068786621094,25663000,,
2025-02-24,21.82832908630371,22.04848663249268,21.50043714969508,21.82832908630371,18229000,,
2025-02-25,21.82833118120174,22.20306792222201,21.75806938241835,21.893911361694336,22641600,,
2025-02-26,21.922014808264493,21.959489196163208,21.4489122757448,21.75338363647461,14615800,,
2025-02-27,21.60348929164976,21.77680565242139,21.38801692552393,21.678436279296875,15159100,,
2025-02-28,21.78148889086628,22.13748663274913,21.683121305370943,22.10938262939453,30981700,,
2025-03-03,22.015700068276505,22.381066433779097,21.98759427597736,22.287384033203125,12834400,,
2025-03-04,22.40916920940155,22.821378506578604,21.931381525898445,21.940750122070312,15368100,,
2025-03-05,21.950119363558226,21.99696055891764,21.383332680074833,21.584753036499023,17384400,,
2025-03-06,21.631594376174633,21.772119750067457,21.491069002281808,21.715909957885742,9739200,,
2025-03-07,21.57538380575259,22.118749875581745,21.566015209580723,21.940750122070312,14446300,,
2025-03-10,22.04380569534156,22.816696215563464,21.959490105953392,22.40917205810547,18035100,,
2025-03-11,22.530959414841657,22.624643598119764,21.90327770981867,22.006330490112305,16475100,,
2025-03-12,21.622226415388766,21.828330184032843,21.33649046750864,21.612857818603516,13897400,,
2025-03-13,21.64096297268443,21.875172524798163,21.491069002281808,21.715909957885742,16433800,,
2025-03-14,21.753381457197662,21.781487245306028,21.280278972073877,21.369277954101562,15798900,,
2025-03-17,21.519173805552615,22.16090928877144,21.348669988611103,21.93138313293457,16372400,,
2025-03-18,21.922016378587184,22.184331752036922,21.818965378238275,21.865806579589844,16840600,,
2025-03-19,21.725279027933553,22.043804168701172,21.68780464107754,22.043804168701172,9646900,,
2025-03-20,21.959490234402573,22.174962614376167,21.758069857116787,21.912647247314453,16508300,,
2025-03-21,21.828329386345203,21.90327637101122,21.509804254795352,21.837697982788086,35334700,,
2025-03-24,21.687805796757747,22.100015139753715,21.63159600035559,21.893911361694336,13187600,,
2025-03-25,21.987593669126273,22.006330863475227,21.51917453166564,21.64096450805664,14987800,,
2025-03-26,21.640963482049433,21.94075142991081,21.35991094077155,21.922014236450195,9473400,,
2025-03-27,21.97822690212683,22.202131568673416,21.93138569923108,22.015701293945312,13790600,,
2025-03-28,22.10938359488798,22.268646172734982,21.951057340693122,22.203067779541016,14401300,,
2025-03-31,22.334222938137028,22.516906102113435,22.12811917642363,22.46537971496582,16360100,,
2025-04-01,22.50285695988646,22.521594155207485,22.25927878134506,22.3716983795166,11113800,,
2025-04-02,22.343592289458794,22.554381249967083,22.118751327208997,22.362329483032227,14093800,,
2025-04-03,22.484118173890593,22.699590544206526,21.85175306500079,22.12812042236328,21704000,,
2025-04-04,22.174960998161232,22.278013775366876,20.863387832200765,20.919597625732422,17771400,,
2025-04-07,20.619810914677156,21.046072263856978,20.02023498269953,20.394969940185547,26882400,,
2025-04-08,20.7041261060586,20.816545697707912,19.94060241635847,20.132654190063477,13443000,,
2025-04-09,19.870337646753814,20.760334664155856,19.63612809342455,20.40433692932129,22036500,,
2025-04-10,20.3293906100246,20.71349414712338,20.05770666155724,20.4886531829834,16963500,,
2025-04-11,20.59170657822502,20.83060135898572,20.26381279717,20.694759368896484,13221700,,
2025-04-14,20.957075124113167,21.443293394759944,20.788443931604842,21.275598526000977,16487900,,
2025-04-15,21.275594748753456,21.659700056205075,21.135069375571046,21.462963104248047,22262800,,
2025-04-16,21.603489048192476,21.74401442508755,21.1912815142172,21.29433250427246,28527600,,
2025-04-17,21.28496551535167,22.043805824283936,21.28496551535167,21.912647247314453,22595700,,
2025-04-21,21.856434098790597,21.90327529182006,20.629176615273543,20.863386154174805,20885900,,
2025-04-22,21.135069774242957,21.758068049168614,21.02265018832728,21.725278854370117,25918800,,
2025-04-23,21.514492301826834,21.7252812825747,21.30370332107897,21.491071701049805,13015000,,
2025-04-24,21.47233287203634,21.491070065983337,21.116335121429252,21.31307029724121,15417600,,
2025-04-25,21.4348582817661,21.978224392958648,20.97112435065786,21.55664825439453,22249600,,
2025-04-28,21.528543426466303,21.762752998434504,21.45359643491157,21.650333404541016,12011900,,
2025-04-29,21.528543393628002,21.959489934568307,21.172545631005338,21.903278350830078,13526300,,
2025-04-30,22.015698448832588,22.22180221656717,21.72059390546945,22.10938262939453,15990400,,
2025-05-01,21.875173706396367,22.521592605472488,21.697173936849605,22.446643829345703,15132800,,
2025-05-02,22.540326699850425,22.671485263556285,22.17496037189761,22.46537971496582,14097700,,
2025-05-05,22.427906931802056,22.46537953049813,21.936067235855614,22.146854400634766,23279500,,
2025-05-06,21.99696225962255,22.198382631619644,21.89391126448899,22.08127784729004,15082400,,
2025-05-07,22.025068362314688,22.13280455099479,21.551964026287678,21.650333404541016,36329100,,
2025-05-08,22.952538331485307,23.580220063454078,22.45601338961002,22.540328979492188,33046700,,
2025-05-09,22.530957952677433,22.952535856631695,22.493485353924306,22.896326065063477,24395100,,
2025-05-12,22.727695662029117,23.055589399728586,22.390433327609422,22.48411750793457,15042200,,
2025-05-13,22.39043507919537,22.484119266849362,22.015700115456667,22.16559410095215,17777300,,
2025-05-14,22.113616233828242,22.27332627822776,21.820658569969435,21.924612045288086,13383200,0.205,
2025-05-15,22.141967543662872,22.675907933091395,22.03801406895253,22.567228317260742,18331200,,
2025-05-16,22.699534446351226,22.897989124154886,22.586130485824274,22.850738525390625,20725200,,
2025-05-19,22.88853870351886,22.935791104901,22.56722958409955,22.680633544921875,22180000,,
2025-05-20,22.68063323344454,22.860188751241182,22.605031194766184,22.803485870361328,16356900,,
2025-05-21,22.75623558463849,23.016117483508424,22.61448198548169,22.680633544921875,15095600,,
2025-05-22,22.680633544921875,22.708984985751158,22.179768905240053,22.208120346069336,13277400,,
2025-05-23,22.340423553887113,22.461387178414213,22.11834357523879,22.42547607421875,10164000,,
2025-05-27,22.54833131758291,22.680634441694433,22.335700009193047,22.614482879638672,11682500,,
2025-05-28,22.60502971902079,22.623930678080146,22.113615598445527,22.255369186401367,10980800,,
2025-05-29,22.21756846407284,22.42074926217591,22.1797665469864,22.283720016479492,19711500,,
2025-05-30,22.378223804560673,22.586128948464765,22.1703168581619,22.55777931213379,30017400,,
2025-06-02,22.34987345392513,22.472727892323263,22.066366261843662,22.3687744140625,9774700,,
2025-06-03,22.330970130698095,22.330970130698095,20.615748735870863,20.989032745361328,41957100,,
2025-06-04,21.055190688737845,21.196944300679423,20.45982299509026,20.488174438476562,25027800,,
2025-06-05,20.48817123265127,20.700802518540275,20.16686213452892,20.459819793701172,16854800,,
2025-06-06,20.497623160033356,20.705528319534192,20.459821238763308,20.535423278808594,9670500,,
2025-06-09,20.40311925481273,20.478721291506318,20.11016158793691,20.129060745239258,20375200,,
2025-06-10,20.214114929289817,20.40312093786223,20.133788547268217,20.33696937561035,14937400,,
2025-06-11,20.332243705149473,20.65355284567081,20.280266961462946,20.648828506469727,22313400,,
2025-06-12,20.554323973882823,20.922883689029977,20.478721934814313,20.82838249206543,28059400,,
2025-06-13,20.752778676074943,20.852007817001663,20.15741284298861,20.270816802978516,37242900,,
2025-06-16,20.459819793701172,20.818930810423648,20.261365128534557,20.459819793701172,16345200,,
2025-06-17,20.412569965600397,20.620475118235724,20.242464930492055,20.26136589050293,17940900,,
2025-06-18,20.233012999539504,20.3558674283053,19.958956309013995,20.185762405395508,14259300,,
2025-06-20,20.214115142822266,20.507074639453677,20.166864541427472,20.214115142822266,24956500,,
2025-06-23,20.223562953967686,20.284990169668074,19.873904223815508,20.195213317871094,14174300,,
2025-06-24,20.119611330429375,20.30861551398877,19.958956783031823,20.025108337402344,16640400,,
2025-06-25,19.963682160848503,20.21411357328686,19.84555386403875,20.006208419799805,16355800,,
2025-06-26,19.96840782584093,20.010934087616647,19.779403619889315,19.949508666992188,16341600,,
2025-06-27,19.996757147412758,20.053458222936207,19.665997568952367,19.732149124145508,24150300,,
2025-06-30,19.713250223123204,19.855003815018733,19.59512192946114,19.779401779174805,21679400,,
2025-07-01,19.7888500732802,20.166860210748474,19.755774298907635,19.81719970703125,17882900,,
2025-07-02,19.82665107262337,19.873903468479572,19.552594386635796,19.751049041748047,18186700,,
2025-07-03,19.836104019899437,19.96368280084326,19.703800900029467,19.892805099487305,6093100,,
2025-07-07,19.85500251013709,19.98258127520694,19.665996531701484,19.751049041748047,11616800,,
2025-07-08,19.609294735294114,19.703797721023353,19.354137214573527,19.562044143676758,16971400,,
2025-07-09,19.656547828787797,19.722701188964407,19.382491118035176,19.61874771118164,15930200,,
2025-07-10,19.64710013257325,19.94005781800872,19.609298210584235,19.76995277404785,12723700,,
2025-07-11,19.67545021322278,20.294443180976003,19.51007130704572,20.1668643951416,25967600,,
2025-07-14,21.33869604967122,21.348146529974926,19.81247862927174,20.62047576904297,58614500,,
2025-07-15,20.38894633347179,20.629927284577082,20.00620997319231,20.214115142822266,31071000,,
2025-07-16,20.138513352996455,20.714980070254427,20.119614193697203,20.648828506469727,21829100,,
2025-07-17,20.62992754467555,20.809483076730395,20.43241736066268,20.648828506469727,13172800,,
2025-07-18,20.74332824761057,21.007934461096077,20.703637315587745,20.790578842163086,12727200,,
2025-07-21,20.76223089134063,21.074089554255796,20.604411643933176,20.913434982299805,10716600,,
2025-07-22,20.809479379786016,21.456821885025004,20.790578421349718,21.42374610900879,13673000,,
2025-07-23,21.461546525052185,21.530535204563837,21.121338280889887,21.300893783569336,18382400,,
2025-07-24,21.329243594521863,21.404845627456798,21.182765669613662,21.263092041015625,6740100,,
2025-07-25,21.225291060187455,21.612753523888117,21.08353746748926,21.584402084350586,9690400,,
2025-07-28,21.385946466496183,21.489899946456486,21.12134023022603,21.13079071044922,9230800,,
2025-07-29,21.149689491167795,21.206392371495568,20.34641851396675,20.951234817504883,28088900,,
2025-07-30,20.96068767994514,21.121342254144253,20.478723957347796,20.488174438476562,15348500,,
2025-07-31,20.299166008029918,20.653550897007374,20.152688074182546,20.26136589050293,29026400,,
2025-08-01,20.516522199055668,20.554324120106244,20.228290662271654,20.403120040893555,13846400,,
2025-08-04,20.26136641396379,21.059913068858993,20.2424654534646,20.96068572998047,32707600,,
2025-08-05,20.922882038758484,20.998484071863963,20.450368881225586,20.450368881225586,18068900,,
2025-08-06,20.48817200314913,20.582675000708736,20.23301445048662,20.26136589050293,32966700,,
2025-08-07,20.204663077468364,20.75277830213791,19.9589578064913,20.56377410888672,30407500,,
2025-08-08,20.431472447519788,20.629927134932263,19.807753338164428,20.1668643951416,25925000,,
2025-08-11,20.20466324432804,20.26136612501696,19.817202572094292,20.05345916748047,18729400,,
2025-08-12,20.081810560736994,20.724428787079738,19.83610348581213,20.696077346801758,16072100,,
2025-08-13,20.760956609230384,20.9470034916052,20.39840212376993,20.7132511138916,12908800,0.208,
2025-08-14,20.570135945592043,20.603528878670698,19.8688825311619,20.09309196472168,17355400,,
2025-08-15,20.226665496826172,20.312533558880247,20.031077537653744,20.226665496826172,16054000,,
2025-08-18,20.207584981284146,20.312535248028436,20.007225546570368,20.131258010864258,13241000,,
2025-08-19,20.226666633650378,20.551056704136016,20.121716369734887,20.50335121154785,13902100,,
2025-08-20,20.579678065295198,20.84205190384421,20.4174830309557,20.63692283630371,10076900,,
2025-08-21,20.446105416852497,20.59875934593705,20.369778452310218,20.455646514892578,8979400,,
2025-08-22,20.52243255913231,20.780036749110405,20.489039625592007,20.617841720581055,8620200,,
2025-08-25,20.55105803697384,20.636924289644448,20.188503548904215,20.217126846313477,8122900,,
2025-08-26,20.283909952621674,20.417481682747674,19.79732488173338,19.83548927307129,18006000,,
2025-08-27,19.825950338252216,19.988145379577162,19.759162646124324,19.797327041625977,16465100,,
2025-08-28,19.816409421305686,19.849802357786935,19.492019335677664,19.596969604492188,13467600,,
2025-08-29,19.60650706578627,19.80686648587524,19.558803395172813,19.7591609954834,10307400,,
2025-09-02,19.711457357856325,19.864111287808914,19.644671490974368,19.82594871520996,11719600,,
2025-09-03,19.740081675846646,19.83071938277566,19.472936374686448,19.51110076904297,19118200,,
2025-09-04,19.58742850552918,19.620821442010428,19.329824292863652,19.596969604492188,16966400,,
2025-09-05,19.568345309762762,19.74008144278251,16.357839373454308,17.765119552612305,135445400,,
2025-09-08,17.88915111913653,18.06088726104481,17.36440341421995,17.583843231201172,56135000,,
2025-09-09,17.65062777238974,18.09904847148698,17.288075137767482,18.00364112854004,39520400,,
2025-09-10,18.013181413885228,18.07996910537107,17.221288412624048,17.622005462646484,25229000,,
2025-09-11,17.583842961112612,18.165837250911537,17.564760763465117,17.984560012817383,22265500,,
2025-09-12,17.95593470791996,18.528387834864503,17.90823103891555,18.11812973022461,26731000,,
2025-09-15,18.118132428788183,18.13721462714343,17.254682060888463,17.412107467651367,24893300,,
2025-09-16,17.50751558092687,17.726955389406378,17.173584409018048,17.29761505126953,19689000,,
2025-09-17,17.297614965686577,17.760348236747003,17.192666521155644,17.497974395751953,17820400,,
2025-09-18,17.34532034583907,17.67925151392766,17.221287885228055,17.268993377685547,27556700,,
2025-09-19,17.373941934335654,17.73649640025263,17.216518357650017,17.497974395751953,49475600,,
2025-09-22,16.896899062182428,17.135421082731217,16.109777486238585,16.190874099731445,76034200,,
2025-09-23,17.07817274121129,17.354859100766202,16.429392689627026,16.448474884033203,68556700,,
2025-09-24,16.706080980217752,16.706080980217752,15.77298231137164,16.08592414855957,52306400,,
2025-09-25,16.181331328720233,16.248119016187573,15.398979473315476,15.427602767944336,61109000,,
2025-09-26,15.666126251220703,15.799697999280115,15.33219506129359,15.666126251220703,51681100,,
2025-09-29,15.742450944137564,15.837860101694062,15.389437607112018,15.589797019958496,39463500,,
2025-09-30,15.60888144460588,15.761535390586202,15.418063102241186,15.484848976135254,37973600,,
2025-10-01,15.4753069255976,15.647043059211551,15.09367208411019,15.122295379638672,50561200,,
2025-10-02,15.189081147842217,15.204346359421772,14.75974172656799,15.007803916931152,30873300,,
2025-10-03,15.045968709613746,15.227245035441594,14.88377367129392,15.084132194519043,22120200,,
2025-10-06,15.103213383049331,15.189081450995833,14.931477247156327,14.969640731811523,25054700,,
2025-10-07,15.007804540022187,15.551634435555545,14.921937380113707,15.47530746459961,31078400,,
2025-10-08,15.360817082815462,15.542094311395868,15.289259755282073,15.341734886169434,18797500,,
2025-10-09,15.427602130099936,16.07638222330343,15.322651873911626,16.06684112548828,39063200,,
2025-10-10,16.076384096734444,16.17179326622593,15.809238786113985,15.885565757751465,21210900,,
2025-10-13,15.79969754610697,15.880795976373076,15.398980493643673,15.47530746459961,23283000,,
2025-10-14,15.456226189988731,15.651814155452278,15.255866765491836,15.408520698547363,17858800,,
2025-10-15,15.456225880912738,15.96189134163054,15.437143684717775,15.513470649719238,16035800,,
2025-10-16,15.532552993829125,15.675665827097419,13.404936321956956,13.462181091308594,87211200,,
2025-10-17,13.567132113248212,14.85992096400062,13.567132113248212,14.588006019592285,51896500,,
2025-10-20,14.473515644616109,14.559383713828202,14.197783713259735,14.273157119750977,29629300,,
2025-10-21,14.406729529398067,14.549842369072591,14.12527348946749,14.244534492492676,25586000,,
2025-10-22,14.254074621235112,14.826527797302711,14.187288750986614,14.492596626281738,23711600,,
2025-10-23,14.463973097944313,14.549841158560708,14.306548623443977,14.397187232971191,20422400,,
2025-10-24,14.540300242442026,14.626168304131472,14.292237155314554,14.311319351196289,20455000,,
2025-10-27,14.406728871469282,14.530759508248687,14.201599810051551,14.387646675109863,18913800,,
2025-10-28,14.215910485703054,14.239763231048753,13.767489791874311,13.843816757202148,29928100,,
2025-10-29,13.681621307901295,14.387646170428598,13.443099321110518,13.652998924255371,64351200,,
2025-10-30,13.70070260275162,13.710243700602955,13.376313464808804,13.586212158203125,34414100,,
2025-10-31,13.5862135770931,13.748408617948096,13.4144783472796,13.710245132446289,46602300,,
2025-11-03,16.281512655650342,16.391232560148467,15.39421050126372,15.398980140686035,203526000,,
2025-11-04,15.389437952715625,15.675665431812984,15.150916873246187,15.236784934997559,82978500,,
2025-11-05,15.274950255356956,15.694749516692132,15.21770457066969,15.484848976135254,59492800,,
2025-11-06,15.475307568264329,15.971433792690588,15.45622719023143,15.704288482666016,63905400,,
2025-11-07,15.751993709658883,16.257661024402484,15.732911512171537,16.105005264282227,47283800,,
2025-11-10,15.971432019570893,16.1145448477115,15.713827837050795,16.00005531311035,43689200,,
2025-11-11,16.009596249281564,16.257659331450075,15.933269287058819,15.952349662780762,28741500,,
2025-11-12,16.095336347439993,16.462457899644043,16.047031752903642,16.104997634887695,34933500,0.208,
2025-11-13,16.220929323098396,16.48177668252713,16.18228417787817,16.20160675048828,30762100,,
2025-11-14,16.249911907596672,16.40448880847948,16.076012433428012,16.095335006713867,34737900,,
2025-11-17,16.124318139071256,16.655675981541897,15.39973733651382,15.689569473266602,54955600,,
2025-11-18,15.882792084699732,16.042198706107992,15.554315712625867,15.679908752441406,44935300,,
2025-11-19,15.689571215675816,15.7282163647955,15.45770584906411,15.515671730041504,30635600,,
2025-11-20,15.573639060086121,15.888588172480745,15.525332624907497,15.602621078491211,27266900,,
2025-11-21,15.699230710331502,16.182283962957086,15.650926122149713,16.076011657714844,46900000,,
2025-11-24,16.056691702072634,16.336861643896004,15.921435531780167,16.191946029663086,69858400,,
2025-11-25,16.230591005768662,16.48177895624655,16.191947697919403,16.452796936035156,46709500,,
2025-11-26,16.404489091092398,16.877881088539237,16.385166517473657,16.636354446411133,46265500,,
2025-11-28,16.617033920658894,16.819915418054425,16.57838877294428,16.76194953918457,9197800,,
2025-12-01,16.70881317613038,16.95516954031215,16.626693159601764,16.636354446411133,26675100,,
2025-12-02,16.539746913960474,16.566797782644866,16.25957509664099,16.288558959960938,30996900,,
2025-12-03,16.375506159199976,16.47211533649635,16.182284119203338,16.394826889038086,41596100,,
2025-12-04,16.375506933830955,16.60737228717397,16.346523073649816,16.41415023803711,38194800,,
2025-12-05,16.356184005737305,16.505929340004624,16.254743261355834,16.356184005737305,21148100,,
2025-12-08,16.298218340028164,16.336861643896004,16.133980152510322,16.191946029663086,25717700,,
2025-12-09,16.211268951562126,16.501100186260615,16.19194637786168,16.443134307861328,37343400,,
2025-12-10,16.4238135344228,16.76195124043666,16.40449095860435,16.732967376708984,34842800,,
2025-12-11,16.732967376708984,16.991883627488555,16.65567891613744,16.732967376708984,57405300,,
2025-12-12,16.81025335285309,16.89720308848335,16.713642330741465,16.742626190185547,46965300,,
2025-12-15,16.76194797995459,16.790929995342523,16.597709802849373,16.626691818237305,46841600,,
2025-12-16,16.790929639208354,16.848897354158513,16.55906430751328,16.66533660888672,24567300,,
2025-12-17,16.68466129900784,16.887542798987933,16.660509002729555,16.69432258605957,38076600,,
2025-12-18,16.694323378946397,16.810255143669107,16.491440026628393,16.520423889160156,53627200,,
2025-12-19,16.57838863836035,16.57838863836035,16.38516658675999,16.443134307861328,49715800,,
2025-12-22,16.40448972548716,16.486609745191526,16.351353567331767,16.433473587036133,33898800,,
2025-12-23,16.433473021011103,16.539745333661507,16.35618456891137,16.443134307861328,27073500,,
2025-12-24,16.423810339714215,16.651811530455532,16.418980618050192,16.626691818237305,14126800,,
2025-12-26,16.588047805355778,16.723302118570096,16.563895512667766,16.607370376586914,15562000,,
2025-12-29,16.626691105116233,16.71364083295453,16.57838651974021,16.607370376586914,22675900,,
2025-12-30,16.617033151331825,16.77161004962963,16.588049291887742,16.742626190185547,14425300,,
2025-12-31,16.73296376696005,16.78127019608518,16.66533660888672,16.66533660888672,12844300,,
2026-01-02,16.684662779865114,16.829578413098982,16.59771303138434,16.732967376708984,33294700,,
2026-01-05,16.63635452259716,16.66050866108222,16.21126895725049,16.24991226196289,47367200,,
2026-01-06,16.191946595818163,16.327200928137817,16.153301447897075,16.18228530883789,32121000,,
2026-01-07,16.1339812814409,16.245083321550258,15.993895379376085,16.172624588012695,40803000,,
2026-01-08,16.100166711567248,16.467286393684848,16.066351286671573,16.41415023803711,32662100,,
2026-01-09,16.47211575806238,16.47211575806238,16.182284533351798,16.259572982788086,57493100,,
2026-01-12,16.269234061959757,16.61703300134147,16.269234061959757,16.423810958862305,44658100,,
2026-01-13,16.452796161402116,16.60737307092574,16.327201270725347,16.433473587036133,43774200,,
2026-01-14,16.452795591875578,16.597711209199844,16.44313430502702,16.539745330810547,47245500,,
2026-01-15,16.481777190409222,16.81701628044701,16.46728618185607,16.674999237060547,43584800,,
2026-01-16,16.617033004760742,16.70398273962406,16.48177683791671,16.617033004760742,57433300,,
2026-01-20,16.520422477042192,16.99381446838379,16.414150166211744,16.99381446838379,75981800,,
2026-01-21,16.98415375649069,16.998644765657254,16.684661229935237,16.790931701660156,40624600,,
2026-01-22,16.732967462271787,17.206359516030947,16.72330617431316,17.148393630981445,67117300,,
2026-01-23,17.15805202514394,17.22567918674639,17.05177971822469,17.19669532775879,43896000,,
2026-01-26,17.187037445257534,17.28268105601076,16.82474746716393,17.0421199798584,60882400,,
2026-01-27,17.100086208097803,17.26432439084955,16.83923700442704,16.906864166259766,79353400,,
2026-01-28,16.906863804089117,17.01313610909372,16.578387445622088,16.752286911010742,56730800,,
2026-01-29,16.790930631785418,16.848898350162273,16.592878867419405,16.617033004760742,42655000,,
2026-01-30,16.60737165783687,16.8585595751152,16.55423550420273,16.810253143310547,35778600,,
2026-02-02,16.834406571861923,16.89237429393233,16.655677368900033,16.790931701660156,24977100,,
2026-02-03,16.665338091909696,17.100086779214237,16.665338091909696,16.99381446838379,45811900,,
2026-02-04,17.003476445188934,17.48652974282099,16.993815158112042,17.399580001831055,94249300,,
2026-02-05,17.496191383218836,17.602461857806507,17.2160195804374,17.45754623413086,108838700,,
2026-02-06,17.409240093934823,17.560918420956412,17.40440852937697,17.51551055908203,63459000,,
2026-02-09,17.48652952495517,17.592799996072767,17.37252891865111,17.563817977905273,91503300,,
2026-02-10,17.59280146878805,17.921277881998677,17.549328437897625,17.699073791503906,99757300,,
2026-02-11,17.687346143993814,18.1173152923584,17.55053667723102,18.1173152923584,45922000,0.208,
2026-02-12,18.048910595856643,18.537511333995454,18.01959574444121,18.127086639404297,64736200,,
2026-02-13,18.215034858827256,18.366501758121146,18.107543964233297,18.27366828918457,45438800,,
2026-02-17,18.32252688056185,18.41047515869765,17.982461199164117,17.990278244018555,48334700,,
2026-02-18,18.117317176209696,18.532627078973746,17.97073545630333,18.44956398010254,49139100,,
2026-02-19,18.498423927712576,18.513081353169557,18.117315954920127,18.23457908630371,37932900,,
2026-02-20,18.273668370267774,18.430020457519923,18.195492326641702,18.293210983276367,45306500,,
2026-02-23,18.21503344898044,18.576598786076424,18.18571859993465,18.517967224121094,20873400,,
2026-02-24,18.517969459409688,18.645004836291193,18.439793412744766,18.576601028442383,23431600,,
2026-02-25,18.537512631164873,18.60787163444033,18.195493581625914,18.342073440551758,45350400,,
2026-02-26,18.478879493377462,18.58637225061102,18.390931212707073,18.56682777404785,35205100,,
2026-02-27,18.605917429999945,18.7427250433822,18.498424668705923,18.684093475341797,24293100,,
2026-03-02,18.62057446570949,18.67432084522984,18.410475998782974,18.459335327148438,34825100,,
2026-03-03,18.28832539924239,18.351844015768066,17.687346727430125,17.7362060546875,33694700,,
2026-03-04,17.78506749593004,17.887673202931847,17.579854218062536,17.77529525756836,40715600,,
2026-03-05,17.589626782561,17.873016108712502,17.521222976624827,17.833927154541016,43632600,,
2026-03-06,17.677573960080995,18.024480019270822,17.545651543798147,17.970733642578125,19035200,,
2026-03-09,17.775294114933896,17.82708529744405,17.599397563458442,17.7459774017334,29336900,,
2026-03-10,17.706891055791473,17.726433668212668,17.46259069382001,17.550537109375,30105500,,
2026-03-11,17.54076784876276,17.550538223661754,17.203632134964476,17.24760627746582,19055900,,
2026-03-12,17.24760477489705,17.380503855540343,16.96421733091505,16.993532180786133,26380900,,
2026-03-13,17.15965708449697,17.251513887371644,17.081481042393765,17.09125328063965,19221700,,
2026-03-16,17.2085176161044,17.345325218575056,17.14011381486907,17.306236267089844,14091200,,
2026-03-17,17.345325595244102,17.550537003406433,17.325781119077067,17.364870071411133,13401000,,
2026-03-18,17.149884971485175,17.213403588615325,16.983760647819782,17.110797882080078,17807700,,
2026-03-19,17.140114138416635,17.174316039679915,16.93490086697312,17.032621383666992,24019600,,
2026-03-20,17.091253717779193,17.24760580598459,16.96421834506127,17.003305435180664,29750500,,
2026-03-23,17.159656775259954,17.38441452313716,17.07170849649579,17.198745727539062,24035100,,
2026-03-24,17.149885177612305,17.350211405863867,17.02284980568903,17.149885177612305,15419400,,
2026-03-25,17.218290535343534,17.276922101027747,17.022849497911,17.25737762451172,22748200,,
2026-03-26,17.218290971580736,17.452819104123382,17.11079821188305,17.169429779052734,15052000,,
2026-03-27,17.154771129523894,17.296465781951703,17.09125251570043,17.120569229125977,11837100,,
2026-03-30,17.198745549775047,17.218290025712594,16.74923192253058,16.846952438354492,22568200,,
2026-03-31,16.905584002303314,16.93490071620963,16.534248278809024,16.846952438354492,26923500,,
2026-04-01,16.837180985104727,17.07659616683838,16.778549418423303,16.983760833740234,21272200,,
2026-04-02,16.964216838590005,17.04239287575045,16.72480167636279,16.749231338500977,14787400,,
2026-04-06,16.72969152751929,16.95444743899486,16.695487758163907,16.90558624267578,17022800,,
2026-04-07,16.85672459549501,16.876269071338836,16.260631129304855,16.34857940673828,21260100,,
2026-04-08,16.4218709039741,16.944673538208008,16.37789676353088,16.944673538208008,20367200,,
2026-04-09,16.837180350279247,17.159656750664343,16.778548785808457,17.032621383666992,31031500,,
2026-04-10,17.071709931569515,17.15770488826689,16.90558559814631,16.95444679260254,12786600,,
2026-04-13,16.856724801753433,16.900698941008212,16.724802383989097,16.866497039794922,16081700,,
2026-04-14,16.788321656847522,17.04239426428556,16.73946046472642,16.983760833740234,17315000,,
2026-04-15,16.95444743899486,16.98864934448618,16.773665672274426,16.90558624267578,12183700,,
2026-04-16,16.817636956626288,17.16943009382168,16.817636956626288,17.06193733215332,18998600,,
2026-04-17,17.101026220681423,17.38930073724175,17.08148174338758,17.208518981933594,16495800,,
2026-04-20,17.15965665010163,17.306236492351506,17.125454749038788,17.179201126098633,13781400,,
2026-04-21,17.179203350470427,17.198747828998055,16.861612097920645,16.90558624267578,16934600,,
2026-04-22,16.97399102221189,17.017965164647567,16.817637066101955,16.91535758972168,13381600,,
2026-04-23,16.944673434679117,17.130342233623185,16.944673434679117,17.09125328063965,13791500,,
2026-04-24,17.17920156098874,17.276922079583716,17.017964289591315,17.09125328063965,6581400,,
2026-04-27,17.032621963499984,17.257377854842463,16.998420061072387,17.130342483520508,29970400,,
2026-04-28,17.34532523446033,17.423501273638557,17.008191414978686,17.140113830566406,17242300,,
2026-04-29,17.06193698489166,17.188974221343937,16.66128452629092,16.837181091308594,13250400,,
2026-04-30,16.83718092345894,17.184086998861098,16.8274086850705,17.130342483520508,17338600,,
2026-05-01,17.286693981525527,17.30623659377324,16.92512862891735,17.032621383666992,11320300,,
2026-05-04,16.88604374771019,16.92513084117846,16.680830449443523,16.75900650024414,17329300,,
2026-05-05,16.729689131677148,17.032621050016598,16.62219637903317,16.973989486694336,15346300,,
2026-05-06,17.02284962099828,17.355098268717658,17.02284962099828,17.27692222595215,23925600,,
2026-05-07,17.11079810573161,17.482133847321144,17.092230293526985,17.316009521484375,27034600,,
2026-05-08,17.433272818852824,17.433272818852824,17.14988352317662,17.18897247314453,20211600,,
2026-05-11,17.21829059823336,17.21829059823336,16.743370627569693,16.778549194335938,29004600,,
2026-05-12,16.944673310660235,17.110797631896663,16.739460036726364,17.07170867919922,23714800,,
2026-05-13,17.04995160171672,17.17357364223351,16.921385509561222,17.000503540039062,31133000,0.208,
2026-05-14,17.0796215705169,17.1191796425945,16.911495519961164,17.000503540039062,23722900,,
2026-05-15,17.04995282009273,17.168630817451444,16.78787467909249,16.92138671875,22138200,,
2026-05-18,16.960943967902054,17.22302398246557,16.91149590509828,16.99061393737793,20267500,,
2026-05-19,17.01039508190734,17.198299242487582,16.85215900651197,16.96094512939453,18907900,,
2026-05-20,16.960944225048856,17.198298325486352,16.876882139743426,17.129070281982422,16569300,,
2026-05-21,17.054898441076876,17.356534651369135,16.862046463166905,17.267526626586914,22001100,,
2026-05-22,17.277415814581776,17.435651876554342,17.27247176291129,17.336755752563477,13689600,,
2026-05-26,17.336755392402946,17.431695895820564,17.297195434570312,17.297195434570312,14081000,,
2026-05-27,17.41587517254257,17.790696944970875,17.376315210733022,17.494993209838867,25384300,,
2026-05-28,17.396095223155847,17.564221288505433,17.371371190141485,17.44554328918457,12171300,,
2026-05-29,17.425763978572927,17.49004608266001,17.049951912217217,17.08951187133789,33794100,,
2026-06-01,17.099402941208005,17.292253038296053,17.064787031629553,17.158740997314453,18663700,,
2026-06-02,17.14885026193289,17.287306348940753,16.960944225048856,17.129070281982422,18528200,,
2026-06-03,17.12907031394692,17.1488502939343,16.63458213219869,16.644472122192383,38337500,,
2026-06-04,16.842268098633348,17.000504165409804,16.481291953404384,16.693920135498047,26035900,,
2026-06-05,16.822488184537065,17.57411044782792,16.763150130844362,17.5147705078125,24620500,,
2026-06-08,17.455432974537274,17.55433099118881,17.2873069121265,17.356534957885742,20218000,,
2026-06-09,17.42576383276178,17.74223595778838,17.247747790853655,17.722455978393555,18133400,,
2026-06-10,17.801574656376072,17.9301407544679,17.65322857817082,17.851022720336914,12624800,,
2026-06-11,17.910361884170907,18.009258007804938,17.8015738845863,17.87080192565918,14108900,,
2026-06-12,17.959811032087778,18.058709048025204,17.801574961117005,17.940031051635742,14702600,,
2026-06-15,17.880692531433862,18.182330623350612,17.880692531433862,18.048818588256836,11515300,,
2026-06-16,18.083433220947054,18.30595328695467,18.0488191980484,18.226835250854492,11506100,,
2026-06-17,18.24661443234729,18.325732464982483,17.781794340083177,17.811464309692383,18315000,,
2026-06-18,18.068597917859638,18.18727402056751,17.851021919024134,17.920251846313477,32083800,,
2026-06-22,17.86091250228827,18.024094506838654,17.658172424294666,17.663118362426758,27923300,,
2026-06-23,17.870802034084385,18.2367241072474,17.79168400290355,18.207054138183594,13460100,,
2026-06-24,18.256502258836342,18.670883962373015,18.256502258836342,18.592754364013672,46078600,,
2026-06-25,18.671873783970987,18.879559810882686,18.57792170413165,18.750991821289062,28947600,,
2026-06-26,18.810330856763304,18.96856692376744,18.72132283328314,18.919116973876953,31070900,,
2026-06-29,18.770771332364852,18.958677373663022,18.671873316611986,18.859779357910156,21640800,,
2026-06-30,18.889449685508854,18.948787741552856,18.686709598229303,18.89933967590332,18676000,,
2026-07-01,18.91911681652543,19.230644896115013,18.869668753368916,19.116912841796875,18773300,,
2026-07-02,19.265258510498626,19.65096056299548,19.22570043807385,19.611400604248047,11433400,,
2026-07-06,19.44327553323607,19.52733950665452,19.052629409346885,19.344377517700195,25159300,,
2026-07-07,19.680628694835463,19.908092799232747,19.561952590942383,19.561952590942383,16317400,,
2026-07-08,19.512502660937592,19.512502660937592,19.047684461989533,19.077354431152344,12756300,,
2026-07-09,18.938896924642687,19.097132991402937,18.83011080769671,18.96856689453125,14446500,,
2026-07-10,19.037794681943733,19.40371676035788,18.953732597873934,19.2652587890625,9451500,,
2026-07-13,19.2652589972877,19.64601512140063,18.830110758006665,19.018014907836914,39874000,,
2026-07-14,18.889448052419063,19.037794122865176,18.503746005672017,18.55319595336914,19473900,,
2026-07-15,18.46418836808628,18.81527451654103,18.375180346460755,18.493858337402344,18492300,,
2026-07-16,18.64220528326195,18.889449380158467,18.56803129966389,18.810331344604492,15950700,,
2026-07-17,18.810330986797194,19.14658310308614,18.64220492865272,18.770771026611328,29311200,,
2026-07-20,18.721323318815926,18.869669399689283,18.686709296156234,18.810331344604492,12222200,,
2026-07-21,18.701543723881404,18.80044174194336,18.572977620826826,18.80044174194336,12704000,,
2026-07-22,18.998235007379023,19.022960925485624,18.83505488854719,18.919116973876953,9899600,,
2026-07-23,18.691652297973633,18.731212256689435,18.563086204792587,18.691652297973633,14410600,,
2026-07-24,18.671872776914064,19.06746482849121,18.622424713628273,19.06746482849121,21434300,,
2026-07-27,19.14658268374953,19.359212749284843,19.06746465143332,19.2652587890625,20908800,,
2026-07-28,19.50261381206057,19.825020327796803,19.472945727484927,19.532283782958984,19624800,,
2026-07-29,19.36910023801047,19.591620286312793,19.032850026081285,19.571842193603516,27193600,,
2026-07-30,19.285039679470596,19.556019377373406,18.884503560897702,19.09713363647461,16297100,,
2026-07-31,18.97845644814339,19.126802521530028,18.74110235346024,19.027904510498047,22744400,,
2026-08-03,19.16636195655295,19.46800006279665,18.568031682446186,18.80044174194336,35167400,,
2026-08-04,18.79055164817368,19.3938278573436,18.479023553204627,19.334487915039062,23595500,,
2026-08-05,19.3147089677035,19.45316505432129,18.854834809925602,19.45316505432129,32808000,,
2026-08-06,19.324598987903165,19.482835054663415,18.800440837808146,18.96856689453125,25328500,,
2026-08-07,18.874612883238008,19.057574867583938,18.65703876359749,19.018014907836914,14325900,,
2026-08-10,18.820220947265625,18.94878704502218,18.681762973155426,18.820220947265625,25550100,,
2026-08-11,18.691652173686713,18.889448193305203,18.671872194460335,18.839998245239258,12782200,,
2026-08-12,18.690000534057617,19.059999465942383,18.649999618530273,18.979999542236328,11026100,0.21,
2026-08-13,19.020000457763672,19.28499984741211,19.020000457763672,19.200000762939453,17042100,,
2026-08-14,19.190000534057617,19.309999465942383,19.1299991607666,19.200000762939453,10361700,,
2026-08-17,19.040000915527344,19.040000915527344,18.735000610351562,18.790000915527344,27969700,,
2026-08-18,19.0,19.114999771118164,18.799999237060547,18.799999237060547,25521600,,
2026-08-19,18.90999984741211,19.184999465942383,18.8799991607666,19.1299991607666,36188300,,
2026-08-20,19.040000915527344,19.15999984741211,18.8700008392334,18.93000030517578,17706400,,
2026-08-21,18.969999313354492,19.15999984741211,18.8700008392334,19.059999465942383,13572600,,
2026-08-24,19.100000381469727,19.559999465942383,19.100000381469727,19.43000030517578,16102000,,
2026-08-25,19.280000686645508,19.3799991607666,19.174999237060547,19.329999923706055,20421100,,
2026-08-26,19.420000076293945,19.469999313354492,19.209999084472656,19.219999313354492,25397800,,
2026-08-27,19.040000915527344,19.25,18.985000610351562,19.200000762939453,14738600,,
2026-08-28,19.260000228881836,19.389999389648438,19.1299991607666,19.170000076293945,11888300,,
2026-08-31,19.049999237060547,19.100000381469727,18.825000762939453,18.8799991607666,27072000,,
2026-09-01,18.899999618530273,19.030000686645508,18.709999084472656,18.75,21752700,,
2026-09-02,18.760000228881836,19.139999389648438,18.75,19.1299991607666,19692100,,
2026-09-03,19.18000030517578,19.184999465942383,18.84000015258789,18.950000762939453,18570000,,
2026-09-04,18.850000381469727,18.979999542236328,18.690000534057617,18.739999771118164,26856800,,
2026-09-08,18.625,18.649999618530273,18.3799991607666,18.389999389648438,16220000,,
2026-09-09,18.229999542236328,18.229999542236328,17.670000076293945,17.75,24488000,,
2026-09-10,17.75,17.916000366210938,17.719999313354492,17.790000915527344,64381400,,
2026-09-11,17.899999618530273,17.96500015258789,17.600000381469727,17.780000686645508,47159300,,
